0,0.00E+00
0.48828125,0.00E+00
0.9765625,0.00E+00
1.4648438,0.00E+00
1.953125,0.00E+00
2.4414063,0.00E+00
2.9296875,0.00E+00
3.4179688,0.00E+00
3.90625,0.00E+00
4.3945313,0.00E+00
4.8828125,0.00E+00
5.3710938,0.00E+00
5.859375,0.00E+00
6.3476563,0.00E+00
6.8359375,0.00E+00
7.3242188,0.00E+00
7.8125,0.00E+00
8.3007813,0.00E+00
8.7890625,0.00E+00
9.2773438,0.00E+00
9.765625,0.00E+00
10.253906,0.00E+00
10.742188,0.00E+00
11.230469,0.00E+00
11.71875,0.00E+00
12.207031,0.00E+00
12.695313,0.00E+00
13.183594,0.00E+00
13.671875,0.00E+00
14.160156,0.00E+00
14.648438,0.00E+00
15.136719,0.00E+00
15.625,0.00E+00
16.113281,0.00E+00
16.601563,0.00E+00
17.089844,0.00E+00
17.578125,0.00E+00
18.066406,0.00E+00
18.554688,0.00E+00
19.042969,0.00E+00
19.53125,0.00E+00
20.019531,0.00E+00
20.507813,0.00E+00
20.996094,0.00E+00
21.484375,0.00E+00
21.972656,0.00E+00
22.460938,0.00E+00
22.949219,0.00E+00
23.4375,0.00E+00
23.925781,0.00E+00
24.414063,0.00E+00
24.902344,0.00E+00
25.390625,0.00E+00
25.878906,0.00E+00
26.367188,0.00E+00
26.855469,0.00E+00
27.34375,0.00E+00
27.832031,0.00E+00
28.320313,0.00E+00
28.808594,0.00E+00
29.296875,0.00E+00
29.785156,0.00E+00
30.273438,0.00E+00
30.761719,0.00E+00
31.25,0.00E+00
31.738281,0.00E+00
32.226563,0.00E+00
32.714844,0.00E+00
33.203125,0.00E+00
33.691406,0.00E+00
34.179688,0.00E+00
34.667969,0.00E+00
35.15625,0.00E+00
35.644531,0.00E+00
36.132813,0.00E+00
36.621094,0.00E+00
37.109375,0.00E+00
37.597656,0.00E+00
38.085938,0.00E+00
38.574219,0.00E+00
39.0625,0.00E+00
39.550781,0.00E+00
40.039063,0.00E+00
40.527344,0.00E+00
41.015625,1.00E+00
41.503906,3.00E+00
41.992188,1.60E+01
42.480469,1.90E+01
42.96875,2.10E+01
43.457031,1.70E+01
43.945313,2.10E+01
44.433594,8.00E+00
44.921875,1.50E+01
45.410156,7.00E+00
45.898438,1.80E+01
46.386719,9.00E+00
46.875,1.40E+01
47.363281,1.20E+01
47.851563,1.50E+01
48.339844,9.00E+00
48.828125,1.60E+01
49.316406,1.30E+01
49.804688,1.30E+01
50.292969,1.10E+01
50.78125,2.10E+01
51.269531,1.60E+01
51.757813,1.30E+01
52.246094,1.40E+01
52.734375,2.00E+01
53.222656,1.60E+01
53.710938,1.30E+01
54.199219,1.90E+01
54.6875,9.00E+00
55.175781,1.60E+01
55.664063,1.70E+01
56.152344,1.50E+01
56.640625,1.00E+01
57.128906,1.50E+01
57.617188,1.30E+01
58.105469,2.10E+01
58.59375,1.30E+01
59.082031,2.00E+01
59.570313,1.80E+01
60.058594,1.20E+01
60.546875,1.20E+01
61.035156,2.30E+01
61.523438,4.70E+01
62.011719,9.70E+01
62.5,9.20E+01
62.988281,9.60E+01
63.476563,9.30E+01
63.964844,9.00E+01
64.453125,7.90E+01
64.941406,7.00E+01
65.429688,8.10E+01
65.917969,7.40E+01
66.40625,7.30E+01
66.894531,7.00E+01
67.382813,7.10E+01
67.871094,7.00E+01
68.359375,5.80E+01
68.847656,6.90E+01
69.335938,9.30E+01
69.824219,7.60E+01
70.3125,5.50E+01
70.800781,6.60E+01
71.289063,5.10E+01
71.777344,6.70E+01
72.265625,6.30E+01
72.753906,5.90E+01
73.242188,7.00E+01
73.730469,6.60E+01
74.21875,4.90E+01
74.707031,4.60E+01
75.195313,7.10E+01
75.683594,7.20E+01
76.171875,6.20E+01
76.660156,6.70E+01
77.148438,6.40E+01
77.636719,5.50E+01
78.125,6.60E+01
78.613281,7.00E+01
79.101563,6.80E+01
79.589844,4.80E+01
80.078125,5.60E+01
80.566406,4.60E+01
81.054688,5.20E+01
81.542969,6.30E+01
82.03125,6.10E+01
82.519531,6.60E+01
83.007813,5.20E+01
83.496094,6.60E+01
83.984375,6.20E+01
84.472656,5.60E+01
84.960938,5.50E+01
85.449219,5.50E+01
85.9375,6.10E+01
86.425781,3.80E+01
86.914063,5.30E+01
87.402344,6.50E+01
87.890625,6.00E+01
88.378906,5.30E+01
88.867188,6.00E+01
89.355469,5.20E+01
89.84375,5.40E+01
90.332031,5.40E+01
90.820313,5.20E+01
91.308594,6.90E+01
91.796875,5.60E+01
92.285156,6.50E+01
92.773438,6.20E+01
93.261719,5.60E+01
93.75,5.30E+01
94.238281,4.80E+01
94.726563,6.30E+01
95.214844,5.90E+01
95.703125,5.10E+01
96.191406,6.70E+01
96.679688,3.70E+01
97.167969,5.10E+01
97.65625,6.00E+01
98.144531,5.80E+01
98.632813,5.30E+01
99.121094,4.80E+01
99.609375,6.00E+01
100.09766,4.40E+01
100.58594,5.80E+01
101.07422,6.80E+01
101.5625,5.30E+01
102.05078,4.40E+01
102.53906,4.50E+01
103.02734,5.30E+01
103.51563,5.30E+01
104.00391,4.00E+01
104.49219,5.30E+01
104.98047,5.30E+01
105.46875,4.80E+01
105.957,4.30E+01
106.44531,4.20E+01
106.93359,6.40E+01
107.42188,5.60E+01
107.91016,7.00E+01
108.39844,5.00E+01
108.88672,6.40E+01
109.375,6.20E+01
109.86328,6.00E+01
110.35156,4.90E+01
110.83984,4.50E+01
111.32813,5.00E+01
111.81641,5.60E+01
112.30469,4.90E+01
112.793,5.70E+01
113.28125,6.10E+01
113.76953,5.30E+01
114.25781,4.70E+01
114.74609,5.40E+01
115.23438,5.50E+01
115.72266,5.70E+01
116.21094,6.00E+01
116.69922,5.20E+01
117.1875,6.40E+01
117.67578,5.80E+01
118.16406,5.40E+01
118.65234,5.40E+01
119.14063,6.10E+01
119.62891,5.00E+01
120.11719,4.80E+01
120.60547,5.30E+01
121.09375,4.80E+01
121.582,5.40E+01
122.07031,5.30E+01
122.55859,4.90E+01
123.04688,5.30E+01
123.53516,5.40E+01
124.02344,5.00E+01
124.51172,5.70E+01
125,5.30E+01
125.48828,4.80E+01
125.97656,4.90E+01
126.46484,5.70E+01
126.95313,5.30E+01
127.44141,5.60E+01
127.92969,6.70E+01
128.418,4.70E+01
128.90625,5.10E+01
129.39453,4.10E+01
129.88281,6.60E+01
130.37109,4.40E+01
130.85938,5.30E+01
131.34766,6.30E+01
131.83594,5.50E+01
132.32422,4.90E+01
132.8125,4.90E+01
133.30078,7.00E+01
133.78906,5.40E+01
134.27734,4.70E+01
134.76563,5.70E+01
135.25391,5.60E+01
135.74219,5.40E+01
136.23047,5.30E+01
136.71875,5.90E+01
137.207,6.30E+01
137.69531,6.50E+01
138.18359,5.90E+01
138.67188,5.00E+01
139.16016,5.60E+01
139.64844,5.80E+01
140.13672,6.30E+01
140.625,4.90E+01
141.11328,5.20E+01
141.60156,4.40E+01
142.08984,5.40E+01
142.57813,4.20E+01
143.06641,5.20E+01
143.55469,4.60E+01
144.043,4.60E+01
144.53125,4.70E+01
145.01953,5.50E+01
145.50781,4.30E+01
145.99609,4.60E+01
146.48438,4.30E+01
146.97266,5.30E+01
147.46094,4.90E+01
147.94922,3.60E+01
148.4375,5.30E+01
148.92578,4.20E+01
149.41406,3.90E+01
149.90234,5.00E+01
150.39063,6.00E+01
150.87891,4.70E+01
151.36719,4.10E+01
151.85547,6.20E+01
152.34375,4.70E+01
152.832,5.20E+01
153.32031,4.90E+01
153.80859,5.60E+01
154.29688,4.00E+01
154.78516,5.40E+01
155.27344,5.50E+01
155.76172,4.30E+01
156.25,5.20E+01
156.73828,5.50E+01
157.22656,4.80E+01
157.71484,5.30E+01
158.20313,5.30E+01
158.69141,4.60E+01
159.17969,4.90E+01
159.668,4.90E+01
160.15625,4.50E+01
160.64453,4.30E+01
161.13281,4.80E+01
161.62109,5.50E+01
162.10938,4.30E+01
162.59766,5.10E+01
163.08594,4.60E+01
163.57422,5.00E+01
164.0625,4.90E+01
164.55078,3.70E+01
165.03906,4.30E+01
165.52734,5.50E+01
166.01563,4.60E+01
166.50391,4.20E+01
166.99219,4.40E+01
167.48047,4.40E+01
167.96875,5.00E+01
168.457,5.20E+01
168.94531,4.80E+01
169.43359,3.90E+01
169.92188,4.20E+01
170.41016,5.00E+01
170.89844,5.50E+01
171.38672,4.10E+01
171.875,5.30E+01
172.36328,5.80E+01
172.85156,4.80E+01
173.33984,4.00E+01
173.82813,4.50E+01
174.31641,4.40E+01
174.80469,5.50E+01
175.293,4.80E+01
175.78125,4.10E+01
176.26953,4.00E+01
176.75781,5.60E+01
177.24609,4.70E+01
177.73438,4.70E+01
178.22266,4.30E+01
178.71094,4.10E+01
179.19922,5.30E+01
179.6875,4.40E+01
180.17578,4.10E+01
180.66406,4.50E+01
181.15234,5.80E+01
181.64063,5.00E+01
182.12891,6.60E+01
182.61719,3.90E+01
183.10547,4.70E+01
183.59375,5.20E+01
184.082,4.50E+01
184.57031,5.10E+01
185.05859,5.50E+01
185.54688,4.80E+01
186.03516,4.50E+01
186.52344,4.80E+01
187.01172,5.70E+01
187.5,4.10E+01
187.98828,5.40E+01
188.47656,3.80E+01
188.96484,3.90E+01
189.45313,4.80E+01
189.94141,4.40E+01
190.42969,3.50E+01
190.918,5.10E+01
191.40625,5.90E+01
191.89453,4.80E+01
192.38281,4.00E+01
192.87109,4.10E+01
193.35938,5.00E+01
193.84766,5.20E+01
194.33594,4.40E+01
194.82422,3.90E+01
195.3125,4.70E+01
195.80078,5.10E+01
196.28906,4.70E+01
196.77734,5.90E+01
197.26563,4.00E+01
197.75391,4.60E+01
198.24219,4.80E+01
198.73047,5.50E+01
199.21875,4.20E+01
199.707,4.90E+01
200.19531,4.60E+01
200.68359,4.80E+01
201.17188,5.30E+01
201.66016,5.30E+01
202.14844,3.80E+01
202.63672,3.90E+01
203.125,5.00E+01
203.61328,4.70E+01
204.10156,4.40E+01
204.58984,5.40E+01
205.07813,4.00E+01
205.56641,5.50E+01
206.05469,5.10E+01
206.543,4.40E+01
207.03125,6.10E+01
207.51953,4.40E+01
208.00781,5.30E+01
208.49609,4.60E+01
208.98438,3.30E+01
209.47266,4.90E+01
209.96094,4.90E+01
210.44922,4.60E+01
210.9375,4.10E+01
211.42578,6.50E+01
211.91406,3.40E+01
212.40234,4.10E+01
212.89063,5.90E+01
213.37891,5.50E+01
213.86719,4.20E+01
214.35547,5.00E+01
214.84375,4.70E+01
215.332,4.20E+01
215.82031,4.40E+01
216.30859,5.30E+01
216.79688,4.30E+01
217.28516,5.20E+01
217.77344,4.50E+01
218.26172,5.30E+01
218.75,3.40E+01
219.23828,4.30E+01
219.72656,4.90E+01
220.21484,4.50E+01
220.70313,5.40E+01
221.19141,4.30E+01
221.67969,6.00E+01
222.168,3.60E+01
222.65625,4.90E+01
223.14453,4.50E+01
223.63281,5.00E+01
224.12109,4.50E+01
224.60938,6.00E+01
225.09766,4.40E+01
225.58594,3.80E+01
226.07422,3.80E+01
226.5625,4.20E+01
227.05078,4.50E+01
227.53906,4.60E+01
228.02734,3.90E+01
228.51563,3.80E+01
229.00391,4.50E+01
229.49219,4.00E+01
229.98047,3.40E+01
230.46875,5.40E+01
230.957,3.90E+01
231.44531,4.60E+01
231.93359,4.80E+01
232.42188,5.10E+01
232.91016,4.30E+01
233.39844,4.70E+01
233.88672,3.40E+01
234.375,4.90E+01
234.86328,3.90E+01
235.35156,5.10E+01
235.83984,3.90E+01
236.32813,5.20E+01
236.81641,4.00E+01
237.30469,3.40E+01
237.793,3.70E+01
238.28125,4.30E+01
238.76953,4.60E+01
239.25781,4.70E+01
239.74609,4.10E+01
240.23438,3.60E+01
240.72266,4.40E+01
241.21094,4.10E+01
241.69922,3.30E+01
242.1875,4.70E+01
242.67578,4.40E+01
243.16406,4.10E+01
243.65234,3.00E+01
244.14063,4.20E+01
244.62891,4.40E+01
245.11719,4.60E+01
245.60547,4.30E+01
246.09375,4.10E+01
246.582,5.00E+01
247.07031,4.70E+01
247.55859,4.80E+01
248.04688,4.60E+01
248.53516,3.50E+01
249.02344,4.70E+01
249.51172,4.20E+01
250,4.90E+01
250.48828,4.30E+01
250.97656,3.90E+01
251.46484,4.30E+01
251.95313,4.50E+01
252.44141,5.00E+01
252.92969,3.70E+01
253.418,4.50E+01
253.90625,3.80E+01
254.39453,5.10E+01
254.88281,4.90E+01
255.37109,3.90E+01
255.85938,3.90E+01
256.34766,4.00E+01
256.83594,3.30E+01
257.32422,4.20E+01
257.8125,3.70E+01
258.30078,4.10E+01
258.78906,3.80E+01
259.27734,3.20E+01
259.76563,4.90E+01
260.25391,3.80E+01
260.74219,3.30E+01
261.23047,4.60E+01
261.71875,4.60E+01
262.207,2.90E+01
262.69531,5.60E+01
263.18359,3.40E+01
263.67188,4.20E+01
264.16016,3.00E+01
264.64844,3.10E+01
265.13672,3.90E+01
265.625,4.00E+01
266.11328,5.00E+01
266.60156,4.20E+01
267.08984,4.40E+01
267.57813,5.50E+01
268.06641,3.50E+01
268.55469,3.40E+01
269.043,3.90E+01
269.53125,4.80E+01
270.01953,3.40E+01
270.50781,2.40E+01
270.99609,4.70E+01
271.48438,3.50E+01
271.97266,3.90E+01
272.46094,4.50E+01
272.94922,3.30E+01
273.4375,3.60E+01
273.92578,4.60E+01
274.41406,4.00E+01
274.90234,3.90E+01
275.39063,5.20E+01
275.87891,4.00E+01
276.36719,3.60E+01
276.85547,3.20E+01
277.34375,3.40E+01
277.832,4.70E+01
278.32031,4.20E+01
278.80859,4.40E+01
279.29688,3.40E+01
279.78516,4.90E+01
280.27344,4.50E+01
280.76172,4.70E+01
281.25,4.40E+01
281.73828,3.90E+01
282.22656,4.40E+01
282.71484,4.40E+01
283.20313,4.80E+01
283.69141,4.00E+01
284.17969,3.40E+01
284.668,3.70E+01
285.15625,3.90E+01
285.64453,4.30E+01
286.13281,5.00E+01
286.62109,3.80E+01
287.10938,3.80E+01
287.59766,5.20E+01
288.08594,4.60E+01
288.57422,4.60E+01
289.0625,3.60E+01
289.55078,3.20E+01
290.03906,3.00E+01
290.52734,4.80E+01
291.01563,4.10E+01
291.50391,3.90E+01
291.99219,5.30E+01
292.48047,4.50E+01
292.96875,4.30E+01
293.457,4.10E+01
293.94531,5.50E+01
294.43359,4.10E+01
294.92188,3.00E+01
295.41016,2.70E+01
295.89844,4.50E+01
296.38672,4.40E+01
296.875,3.30E+01
297.36328,4.20E+01
297.85156,4.80E+01
298.33984,3.60E+01
298.82813,4.10E+01
299.31641,3.60E+01
299.80469,4.30E+01
300.293,4.90E+01
300.78125,4.20E+01
301.26953,4.00E+01
301.75781,4.40E+01
302.24609,3.60E+01
302.73438,4.30E+01
303.22266,4.30E+01
303.71094,4.50E+01
304.19922,4.90E+01
304.6875,3.50E+01
305.17578,4.10E+01
305.66406,5.30E+01
306.15234,3.70E+01
306.64063,4.20E+01
307.12891,4.90E+01
307.61719,3.40E+01
308.10547,3.40E+01
308.59375,3.90E+01
309.082,4.60E+01
309.57031,4.30E+01
310.05859,4.30E+01
310.54688,3.60E+01
311.03516,5.10E+01
311.52344,3.40E+01
312.01172,3.50E+01
312.5,4.90E+01
312.98828,3.60E+01
313.47656,4.70E+01
313.96484,3.70E+01
314.45313,4.20E+01
314.94141,4.50E+01
315.42969,3.60E+01
315.918,4.10E+01
316.40625,4.50E+01
316.89453,3.20E+01
317.38281,3.30E+01
317.87109,2.80E+01
318.35938,4.30E+01
318.84766,3.20E+01
319.33594,4.10E+01
319.82422,3.80E+01
320.3125,4.60E+01
320.80078,3.40E+01
321.28906,3.80E+01
321.77734,3.20E+01
322.26563,5.30E+01
322.75391,3.60E+01
323.24219,3.60E+01
323.73047,3.80E+01
324.21875,4.40E+01
324.707,4.50E+01
325.19531,3.50E+01
325.68359,3.90E+01
326.17188,4.00E+01
326.66016,4.50E+01
327.14844,4.10E+01
327.63672,4.90E+01
328.125,3.50E+01
328.61328,4.20E+01
329.10156,3.30E+01
329.58984,3.60E+01
330.07813,4.20E+01
330.56641,4.10E+01
331.05469,4.70E+01
331.543,4.40E+01
332.03125,3.80E+01
332.51953,3.70E+01
333.00781,3.90E+01
333.49609,4.20E+01
333.98438,4.70E+01
334.47266,4.20E+01
334.96094,3.90E+01
335.44922,4.40E+01
335.9375,3.80E+01
336.42578,4.80E+01
336.91406,3.50E+01
337.40234,4.30E+01
337.89063,3.60E+01
338.37891,3.70E+01
338.86719,4.30E+01
339.35547,2.80E+01
339.84375,3.90E+01
340.332,5.20E+01
340.82031,2.80E+01
341.30859,4.50E+01
341.79688,4.10E+01
342.28516,3.80E+01
342.77344,4.00E+01
343.26172,4.60E+01
343.75,3.00E+01
344.23828,4.10E+01
344.72656,4.20E+01
345.21484,4.70E+01
345.70313,3.40E+01
346.19141,4.00E+01
346.67969,3.70E+01
347.168,3.40E+01
347.65625,4.30E+01
348.14453,4.00E+01
348.63281,3.70E+01
349.12109,4.00E+01
349.60938,3.90E+01
350.09766,4.50E+01
350.58594,3.90E+01
351.07422,3.80E+01
351.5625,3.80E+01
352.05078,3.30E+01
352.53906,4.10E+01
353.02734,3.70E+01
353.51563,4.20E+01
354.00391,3.30E+01
354.49219,4.70E+01
354.98047,4.00E+01
355.46875,4.60E+01
355.957,3.30E+01
356.44531,4.00E+01
356.93359,4.70E+01
357.42188,3.90E+01
357.91016,2.90E+01
358.39844,3.50E+01
358.88672,4.80E+01
359.375,3.80E+01
359.86328,3.50E+01
360.35156,3.50E+01
360.83984,3.30E+01
361.32813,3.50E+01
361.81641,4.00E+01
362.30469,4.50E+01
362.793,4.40E+01
363.28125,3.30E+01
363.76953,3.60E+01
364.25781,3.90E+01
364.74609,3.30E+01
365.23438,4.80E+01
365.72266,4.30E+01
366.21094,3.00E+01
366.69922,3.40E+01
367.1875,3.80E+01
367.67578,4.80E+01
368.16406,3.90E+01
368.65234,4.50E+01
369.14063,5.00E+01
369.62891,4.10E+01
370.11719,3.80E+01
370.60547,3.10E+01
371.09375,3.40E+01
371.582,3.00E+01
372.07031,3.50E+01
372.55859,4.00E+01
373.04688,3.30E+01
373.53516,4.10E+01
374.02344,4.00E+01
374.51172,4.60E+01
375,2.20E+01
375.48828,3.60E+01
375.97656,3.60E+01
376.46484,3.40E+01
376.95313,3.80E+01
377.44141,3.40E+01
377.92969,3.00E+01
378.418,3.90E+01
378.90625,4.00E+01
379.39453,4.00E+01
379.88281,3.40E+01
380.37109,4.10E+01
380.85938,3.20E+01
381.34766,4.00E+01
381.83594,3.70E+01
382.32422,2.70E+01
382.8125,2.50E+01
383.30078,2.90E+01
383.78906,2.60E+01
384.27734,4.40E+01
384.76563,3.90E+01
385.25391,4.60E+01
385.74219,4.40E+01
386.23047,4.40E+01
386.71875,3.80E+01
387.207,4.00E+01
387.69531,4.00E+01
388.18359,3.60E+01
388.67188,4.40E+01
389.16016,2.90E+01
389.64844,3.70E+01
390.13672,3.50E+01
390.625,4.70E+01
391.11328,4.70E+01
391.60156,4.90E+01
392.08984,4.10E+01
392.57813,3.10E+01
393.06641,4.80E+01
393.55469,3.90E+01
394.043,4.00E+01
394.53125,3.10E+01
395.01953,3.30E+01
395.50781,3.60E+01
395.99609,2.90E+01
396.48438,3.20E+01
396.97266,3.70E+01
397.46094,3.50E+01
397.94922,3.40E+01
398.4375,4.90E+01
398.92578,4.20E+01
399.41406,3.20E+01
399.90234,4.10E+01
400.39063,3.10E+01
400.87891,3.40E+01
401.36719,4.20E+01
401.85547,4.10E+01
402.34375,4.40E+01
402.832,3.80E+01
403.32031,3.50E+01
403.80859,3.90E+01
404.29688,3.00E+01
404.78516,4.50E+01
405.27344,4.70E+01
405.76172,3.60E+01
406.25,3.60E+01
406.73828,3.80E+01
407.22656,3.90E+01
407.71484,3.40E+01
408.20313,4.80E+01
408.69141,3.70E+01
409.17969,3.80E+01
409.668,3.40E+01
410.15625,3.90E+01
410.64453,3.20E+01
411.13281,4.10E+01
411.62109,3.90E+01
412.10938,3.70E+01
412.59766,4.00E+01
413.08594,3.80E+01
413.57422,3.30E+01
414.0625,3.80E+01
414.55078,3.10E+01
415.03906,3.80E+01
415.52734,3.40E+01
416.01563,3.70E+01
416.50391,3.50E+01
416.99219,2.80E+01
417.48047,3.60E+01
417.96875,2.80E+01
418.457,3.50E+01
418.94531,3.10E+01
419.43359,3.80E+01
419.92188,2.80E+01
420.41016,2.80E+01
420.89844,3.20E+01
421.38672,3.90E+01
421.875,3.10E+01
422.36328,3.30E+01
422.85156,2.90E+01
423.33984,3.70E+01
423.82813,3.70E+01
424.31641,3.10E+01
424.80469,3.80E+01
425.293,2.70E+01
425.78125,3.80E+01
426.26953,3.80E+01
426.75781,3.50E+01
427.24609,3.60E+01
427.73438,3.60E+01
428.22266,3.70E+01
428.71094,4.20E+01
429.19922,4.10E+01
429.6875,3.20E+01
430.17578,5.00E+01
430.66406,4.10E+01
431.15234,3.20E+01
431.64063,4.10E+01
432.12891,3.00E+01
432.61719,3.90E+01
433.10547,4.30E+01
433.59375,3.10E+01
434.082,3.70E+01
434.57031,3.70E+01
435.05859,4.30E+01
435.54688,3.90E+01
436.03516,4.00E+01
436.52344,3.30E+01
437.01172,4.00E+01
437.5,4.40E+01
437.98828,5.00E+01
438.47656,2.80E+01
438.96484,4.20E+01
439.45313,4.50E+01
439.94141,3.50E+01
440.42969,3.40E+01
440.918,5.00E+01
441.40625,4.60E+01
441.89453,3.40E+01
442.38281,5.40E+01
442.87109,3.20E+01
443.35938,2.70E+01
443.84766,3.70E+01
444.33594,3.50E+01
444.82422,4.10E+01
445.3125,4.00E+01
445.80078,3.40E+01
446.28906,2.80E+01
446.77734,3.10E+01
447.26563,3.40E+01
447.75391,3.20E+01
448.24219,3.00E+01
448.73047,3.10E+01
449.21875,3.40E+01
449.707,3.90E+01
450.19531,2.80E+01
450.68359,3.80E+01
451.17188,4.70E+01
451.66016,3.50E+01
452.14844,2.00E+01
452.63672,5.00E+01
453.125,3.70E+01
453.61328,3.90E+01
454.10156,4.10E+01
454.58984,2.20E+01
455.07813,3.40E+01
455.56641,3.10E+01
456.05469,3.10E+01
456.543,3.10E+01
457.03125,3.30E+01
457.51953,3.60E+01
458.00781,3.60E+01
458.49609,4.70E+01
458.98438,4.10E+01
459.47266,4.10E+01
459.96094,4.30E+01
460.44922,4.30E+01
460.9375,2.90E+01
461.42578,2.90E+01
461.91406,4.80E+01
462.40234,3.40E+01
462.89063,3.70E+01
463.37891,2.90E+01
463.86719,4.00E+01
464.35547,2.80E+01
464.84375,4.70E+01
465.332,3.40E+01
465.82031,4.60E+01
466.30859,2.60E+01
466.79688,3.50E+01
467.28516,2.60E+01
467.77344,3.10E+01
468.26172,3.10E+01
468.75,3.40E+01
469.23828,3.80E+01
469.72656,2.70E+01
470.21484,2.80E+01
470.70313,2.80E+01
471.19141,4.60E+01
471.67969,3.30E+01
472.168,2.70E+01
472.65625,3.90E+01
473.14453,4.00E+01
473.63281,3.20E+01
474.12109,2.50E+01
474.60938,4.30E+01
475.09766,3.30E+01
475.58594,3.00E+01
476.07422,2.80E+01
476.5625,3.50E+01
477.05078,2.70E+01
477.53906,2.70E+01
478.02734,2.70E+01
478.51563,3.00E+01
479.00391,3.70E+01
479.49219,3.60E+01
479.98047,3.30E+01
480.46875,3.20E+01
480.957,2.80E+01
481.44531,2.50E+01
481.93359,3.50E+01
482.42188,2.80E+01
482.91016,2.80E+01
483.39844,2.90E+01
483.88672,3.30E+01
484.375,4.20E+01
484.86328,2.30E+01
485.35156,3.60E+01
485.83984,2.90E+01
486.32813,3.80E+01
486.81641,4.00E+01
487.30469,4.20E+01
487.793,3.90E+01
488.28125,3.80E+01
488.76953,3.40E+01
489.25781,3.80E+01
489.74609,3.00E+01
490.23438,5.00E+01
490.72266,3.10E+01
491.21094,4.50E+01
491.69922,3.30E+01
492.1875,3.60E+01
492.67578,4.40E+01
493.16406,4.40E+01
493.65234,3.60E+01
494.14063,4.10E+01
494.62891,4.70E+01
495.11719,3.60E+01
495.60547,3.80E+01
496.09375,3.30E+01
496.582,4.10E+01
497.07031,2.40E+01
497.55859,3.80E+01
498.04688,3.40E+01
498.53516,3.00E+01
499.02344,3.10E+01
499.51172,3.00E+01
500,3.30E+01
500.48828,3.50E+01
500.97656,3.40E+01
501.46484,4.10E+01
501.95313,3.40E+01
502.44141,3.40E+01
502.92969,3.80E+01
503.418,3.20E+01
503.90625,3.70E+01
504.39453,3.00E+01
504.88281,3.00E+01
505.37109,3.20E+01
505.85938,3.00E+01
506.34766,3.20E+01
506.83594,3.30E+01
507.32422,3.30E+01
507.8125,3.00E+01
508.30078,3.40E+01
508.78906,3.00E+01
509.27734,3.00E+01
509.76563,4.00E+01
510.25391,4.50E+01
510.74219,3.80E+01
511.23047,3.40E+01
511.71875,4.30E+01
512.207,3.50E+01
512.69531,2.40E+01
513.18359,2.90E+01
513.67188,4.00E+01
514.16016,3.20E+01
514.64844,2.70E+01
515.13672,3.70E+01
515.625,2.80E+01
516.11328,3.20E+01
516.60156,3.40E+01
517.08984,2.90E+01
517.57813,2.20E+01
518.06641,3.30E+01
518.55469,3.30E+01
519.043,4.10E+01
519.53125,2.80E+01
520.01953,3.70E+01
520.50781,3.60E+01
520.99609,4.00E+01
521.48438,4.10E+01
521.97266,2.60E+01
522.46094,3.00E+01
522.94922,3.70E+01
523.4375,3.00E+01
523.92578,3.80E+01
524.41406,4.20E+01
524.90234,3.30E+01
525.39063,4.40E+01
525.87891,4.00E+01
526.36719,2.40E+01
526.85547,2.40E+01
527.34375,3.30E+01
527.832,3.20E+01
528.32031,3.40E+01
528.80859,3.60E+01
529.29688,3.20E+01
529.78516,3.50E+01
530.27344,3.70E+01
530.76172,3.20E+01
531.25,3.70E+01
531.73828,2.90E+01
532.22656,3.60E+01
532.71484,3.00E+01
533.20313,2.90E+01
533.69141,3.20E+01
534.17969,4.60E+01
534.668,3.10E+01
535.15625,3.00E+01
535.64453,4.30E+01
536.13281,3.30E+01
536.62109,3.20E+01
537.10938,2.70E+01
537.59766,2.30E+01
538.08594,3.30E+01
538.57422,3.70E+01
539.0625,4.10E+01
539.55078,2.80E+01
540.03906,3.60E+01
540.52734,2.70E+01
541.01563,2.80E+01
541.50391,3.00E+01
541.99219,3.20E+01
542.48047,2.40E+01
542.96875,2.70E+01
543.457,3.70E+01
543.94531,2.90E+01
544.43359,2.80E+01
544.92188,3.70E+01
545.41016,3.40E+01
545.89844,4.00E+01
546.38672,3.80E+01
546.875,4.00E+01
547.36328,4.50E+01
547.85156,4.20E+01
548.33984,3.70E+01
548.82813,4.70E+01
549.31641,4.80E+01
549.80469,3.40E+01
550.293,3.30E+01
550.78125,4.00E+01
551.26953,4.10E+01
551.75781,4.40E+01
552.24609,3.00E+01
552.73438,4.40E+01
553.22266,3.40E+01
553.71094,2.40E+01
554.19922,3.20E+01
554.6875,3.80E+01
555.17578,2.30E+01
555.66406,3.10E+01
556.15234,2.50E+01
556.64063,2.90E+01
557.12891,3.90E+01
557.61719,2.70E+01
558.10547,3.30E+01
558.59375,2.60E+01
559.082,3.50E+01
559.57031,3.50E+01
560.05859,2.50E+01
560.54688,3.30E+01
561.03516,3.80E+01
561.52344,5.10E+01
562.01172,2.90E+01
562.5,4.10E+01
562.98828,3.60E+01
563.47656,2.70E+01
563.96484,2.80E+01
564.45313,3.80E+01
564.94141,3.00E+01
565.42969,2.60E+01
565.918,4.30E+01
566.40625,3.90E+01
566.89453,2.60E+01
567.38281,4.20E+01
567.87109,3.00E+01
568.35938,3.90E+01
568.84766,4.30E+01
569.33594,4.20E+01
569.82422,3.60E+01
570.3125,3.30E+01
570.80078,3.60E+01
571.28906,3.90E+01
571.77734,3.60E+01
572.26563,3.60E+01
572.75391,3.00E+01
573.24219,3.60E+01
573.73047,3.10E+01
574.21875,2.60E+01
574.707,3.40E+01
575.19531,3.00E+01
575.68359,2.70E+01
576.17188,3.00E+01
576.66016,3.20E+01
577.14844,3.90E+01
577.63672,3.30E+01
578.125,3.20E+01
578.61328,2.70E+01
579.10156,3.30E+01
579.58984,2.90E+01
580.07813,3.50E+01
580.56641,3.60E+01
581.05469,4.30E+01
581.543,3.60E+01
582.03125,2.60E+01
582.51953,3.10E+01
583.00781,3.30E+01
583.49609,3.50E+01
583.98438,2.50E+01
584.47266,3.10E+01
584.96094,3.60E+01
585.44922,3.40E+01
585.9375,3.60E+01
586.42578,3.50E+01
586.91406,3.60E+01
587.40234,3.40E+01
587.89063,3.20E+01
588.37891,2.50E+01
588.86719,3.10E+01
589.35547,3.80E+01
589.84375,2.90E+01
590.332,2.20E+01
590.82031,3.50E+01
591.30859,3.80E+01
591.79688,3.80E+01
592.28516,2.90E+01
592.77344,2.50E+01
593.26172,3.00E+01
593.75,3.60E+01
594.23828,3.20E+01
594.72656,3.80E+01
595.21484,3.10E+01
595.70313,2.70E+01
596.19141,2.90E+01
596.67969,3.60E+01
597.168,3.30E+01
597.65625,2.90E+01
598.14453,2.80E+01
598.63281,4.10E+01
599.12109,3.80E+01
599.60938,3.40E+01
600.09766,3.10E+01
600.58594,3.90E+01
601.07422,2.60E+01
601.5625,2.80E+01
602.05078,3.50E+01
602.53906,3.10E+01
603.02734,3.60E+01
603.51563,3.20E+01
604.00391,3.80E+01
604.49219,3.40E+01
604.98047,3.40E+01
605.46875,3.00E+01
605.957,2.70E+01
606.44531,2.40E+01
606.93359,4.20E+01
607.42188,3.10E+01
607.91016,3.40E+01
608.39844,3.80E+01
608.88672,3.60E+01
609.375,3.20E+01
609.86328,3.80E+01
610.35156,2.30E+01
610.83984,2.90E+01
611.32813,2.50E+01
611.81641,2.60E+01
612.30469,2.80E+01
612.793,3.10E+01
613.28125,3.60E+01
613.76953,3.40E+01
614.25781,2.30E+01
614.74609,2.90E+01
615.23438,3.60E+01
615.72266,2.70E+01
616.21094,3.00E+01
616.69922,3.00E+01
617.1875,3.30E+01
617.67578,2.70E+01
618.16406,2.60E+01
618.65234,3.40E+01
619.14063,3.60E+01
619.62891,3.40E+01
620.11719,4.10E+01
620.60547,4.50E+01
621.09375,3.00E+01
621.582,2.70E+01
622.07031,3.40E+01
622.55859,2.60E+01
623.04688,3.50E+01
623.53516,3.40E+01
624.02344,4.00E+01
624.51172,2.60E+01
625,3.30E+01
625.48828,1.90E+01
625.97656,3.30E+01
626.46484,2.40E+01
626.95313,2.80E+01
627.44141,3.60E+01
627.92969,3.00E+01
628.418,2.80E+01
628.90625,2.60E+01
629.39453,3.40E+01
629.88281,3.20E+01
630.37109,2.50E+01
630.85938,2.20E+01
631.34766,2.80E+01
631.83594,4.50E+01
632.32422,3.10E+01
632.8125,2.80E+01
633.30078,3.30E+01
633.78906,3.10E+01
634.27734,2.50E+01
634.76563,3.40E+01
635.25391,2.10E+01
635.74219,2.70E+01
636.23047,3.20E+01
636.71875,2.70E+01
637.207,1.90E+01
637.69531,2.80E+01
638.18359,3.00E+01
638.67188,2.70E+01
639.16016,2.50E+01
639.64844,3.30E+01
640.13672,2.70E+01
640.625,2.80E+01
641.11328,3.30E+01
641.60156,3.40E+01
642.08984,3.20E+01
642.57813,3.10E+01
643.06641,3.20E+01
643.55469,4.20E+01
644.043,2.60E+01
644.53125,2.70E+01
645.01953,2.70E+01
645.50781,3.00E+01
645.99609,3.30E+01
646.48438,3.00E+01
646.97266,4.00E+01
647.46094,3.00E+01
647.94922,2.50E+01
648.4375,2.70E+01
648.92578,3.00E+01
649.41406,3.80E+01
649.90234,2.90E+01
650.39063,2.80E+01
650.87891,3.60E+01
651.36719,3.40E+01
651.85547,2.30E+01
652.34375,3.60E+01
652.832,2.70E+01
653.32031,3.20E+01
653.80859,3.00E+01
654.29688,2.70E+01
654.78516,3.30E+01
655.27344,4.30E+01
655.76172,2.80E+01
656.25,2.70E+01
656.73828,3.00E+01
657.22656,3.30E+01
657.71484,3.90E+01
658.20313,3.60E+01
658.69141,2.90E+01
659.17969,3.00E+01
659.668,4.00E+01
660.15625,3.20E+01
660.64453,3.00E+01
661.13281,3.90E+01
661.62109,3.50E+01
662.10938,3.30E+01
662.59766,2.80E+01
663.08594,3.30E+01
663.57422,2.80E+01
664.0625,3.30E+01
664.55078,2.70E+01
665.03906,3.60E+01
665.52734,3.30E+01
666.01563,2.60E+01
666.50391,2.30E+01
666.99219,3.60E+01
667.48047,2.80E+01
667.96875,3.70E+01
668.457,3.30E+01
668.94531,2.70E+01
669.43359,2.70E+01
669.92188,4.30E+01
670.41016,2.70E+01
670.89844,3.40E+01
671.38672,2.70E+01
671.875,2.60E+01
672.36328,4.40E+01
672.85156,2.70E+01
673.33984,3.00E+01
673.82813,2.80E+01
674.31641,2.20E+01
674.80469,2.90E+01
675.293,2.60E+01
675.78125,3.70E+01
676.26953,3.90E+01
676.75781,3.90E+01
677.24609,3.10E+01
677.73438,2.60E+01
678.22266,2.60E+01
678.71094,2.40E+01
679.19922,3.30E+01
679.6875,3.10E+01
680.17578,3.10E+01
680.66406,3.20E+01
681.15234,2.60E+01
681.64063,3.40E+01
682.12891,3.20E+01
682.61719,2.20E+01
683.10547,3.20E+01
683.59375,3.10E+01
684.082,2.50E+01
684.57031,2.00E+01
685.05859,2.20E+01
685.54688,3.40E+01
686.03516,4.50E+01
686.52344,2.50E+01
687.01172,3.10E+01
687.5,2.10E+01
687.98828,3.30E+01
688.47656,3.90E+01
688.96484,3.60E+01
689.45313,3.40E+01
689.94141,2.20E+01
690.42969,2.90E+01
690.918,3.20E+01
691.40625,3.10E+01
691.89453,3.00E+01
692.38281,2.00E+01
692.87109,2.80E+01
693.35938,2.70E+01
693.84766,2.80E+01
694.33594,3.00E+01
694.82422,2.90E+01
695.3125,2.90E+01
695.80078,2.50E+01
696.28906,2.60E+01
696.77734,2.20E+01
697.26563,3.10E+01
697.75391,3.00E+01
698.24219,3.70E+01
698.73047,2.20E+01
699.21875,2.70E+01
699.707,2.40E+01
700.19531,2.30E+01
700.68359,3.30E+01
701.17188,3.90E+01
701.66016,3.20E+01
702.14844,3.90E+01
702.63672,3.80E+01
703.125,2.60E+01
703.61328,3.60E+01
704.10156,3.20E+01
704.58984,3.00E+01
705.07813,2.90E+01
705.56641,1.90E+01
706.05469,3.00E+01
706.543,2.80E+01
707.03125,3.10E+01
707.51953,3.00E+01
708.00781,2.80E+01
708.49609,3.60E+01
708.98438,2.80E+01
709.47266,3.00E+01
709.96094,2.40E+01
710.44922,2.60E+01
710.9375,4.30E+01
711.42578,2.80E+01
711.91406,3.20E+01
712.40234,2.90E+01
712.89063,3.60E+01
713.37891,3.30E+01
713.86719,2.50E+01
714.35547,2.50E+01
714.84375,2.70E+01
715.332,2.80E+01
715.82031,3.10E+01
716.30859,2.90E+01
716.79688,3.50E+01
717.28516,3.30E+01
717.77344,2.10E+01
718.26172,2.20E+01
718.75,3.10E+01
719.23828,3.30E+01
719.72656,2.90E+01
720.21484,3.50E+01
720.70313,3.10E+01
721.19141,3.10E+01
721.67969,3.20E+01
722.168,2.30E+01
722.65625,2.30E+01
723.14453,2.50E+01
723.63281,2.30E+01
724.12109,2.90E+01
724.60938,2.50E+01
725.09766,2.90E+01
725.58594,3.70E+01
726.07422,3.80E+01
726.5625,3.10E+01
727.05078,2.80E+01
727.53906,1.60E+01
728.02734,2.30E+01
728.51563,2.10E+01
729.00391,2.90E+01
729.49219,2.60E+01
729.98047,2.30E+01
730.46875,3.60E+01
730.957,3.70E+01
731.44531,1.90E+01
731.93359,2.60E+01
732.42188,3.00E+01
732.91016,3.00E+01
733.39844,3.00E+01
733.88672,3.30E+01
734.375,2.60E+01
734.86328,3.70E+01
735.35156,2.50E+01
735.83984,4.00E+01
736.32813,3.30E+01
736.81641,3.60E+01
737.30469,4.00E+01
737.793,2.40E+01
738.28125,2.90E+01
738.76953,2.60E+01
739.25781,2.40E+01
739.74609,2.90E+01
740.23438,3.20E+01
740.72266,2.70E+01
741.21094,3.50E+01
741.69922,2.70E+01
742.1875,2.40E+01
742.67578,2.10E+01
743.16406,2.80E+01
743.65234,2.90E+01
744.14063,3.20E+01
744.62891,2.20E+01
745.11719,3.20E+01
745.60547,1.40E+01
746.09375,2.30E+01
746.582,2.40E+01
747.07031,2.50E+01
747.55859,3.10E+01
748.04688,2.70E+01
748.53516,2.70E+01
749.02344,2.80E+01
749.51172,3.30E+01
750,2.70E+01
750.48828,3.20E+01
750.97656,3.20E+01
751.46484,3.60E+01
751.95313,3.40E+01
752.44141,4.00E+01
752.92969,2.40E+01
753.418,2.90E+01
753.90625,2.60E+01
754.39453,2.70E+01
754.88281,2.50E+01
755.37109,1.60E+01
755.85938,2.90E+01
756.34766,4.10E+01
756.83594,2.20E+01
757.32422,3.40E+01
757.8125,3.10E+01
758.30078,2.50E+01
758.78906,2.70E+01
759.27734,2.20E+01
759.76563,2.70E+01
760.25391,1.80E+01
760.74219,2.30E+01
761.23047,3.30E+01
761.71875,4.00E+01
762.207,2.00E+01
762.69531,3.00E+01
763.18359,3.10E+01
763.67188,1.90E+01
764.16016,2.50E+01
764.64844,2.40E+01
765.13672,3.00E+01
765.625,2.10E+01
766.11328,2.30E+01
766.60156,2.80E+01
767.08984,2.80E+01
767.57813,3.40E+01
768.06641,3.20E+01
768.55469,3.40E+01
769.043,2.60E+01
769.53125,2.80E+01
770.01953,3.00E+01
770.50781,2.40E+01
770.99609,2.20E+01
771.48438,2.20E+01
771.97266,3.40E+01
772.46094,2.30E+01
772.94922,2.30E+01
773.4375,2.90E+01
773.92578,2.90E+01
774.41406,2.70E+01
774.90234,2.70E+01
775.39063,2.50E+01
775.87891,4.00E+01
776.36719,2.80E+01
776.85547,2.70E+01
777.34375,3.60E+01
777.832,1.80E+01
778.32031,3.10E+01
778.80859,2.50E+01
779.29688,3.50E+01
779.78516,1.90E+01
780.27344,3.30E+01
780.76172,2.40E+01
781.25,2.30E+01
781.73828,2.10E+01
782.22656,2.90E+01
782.71484,2.90E+01
783.20313,3.40E+01
783.69141,2.50E+01
784.17969,2.60E+01
784.668,2.50E+01
785.15625,3.00E+01
785.64453,2.20E+01
786.13281,3.00E+01
786.62109,3.00E+01
787.10938,2.80E+01
787.59766,3.10E+01
788.08594,3.30E+01
788.57422,3.50E+01
789.0625,2.50E+01
789.55078,2.80E+01
790.03906,3.00E+01
790.52734,2.30E+01
791.01563,2.90E+01
791.50391,3.00E+01
791.99219,3.30E+01
792.48047,4.30E+01
792.96875,2.60E+01
793.457,2.80E+01
793.94531,3.50E+01
794.43359,2.80E+01
794.92188,2.50E+01
795.41016,2.80E+01
795.89844,3.10E+01
796.38672,3.10E+01
796.875,1.90E+01
797.36328,2.60E+01
797.85156,3.90E+01
798.33984,3.20E+01
798.82813,3.50E+01
799.31641,2.80E+01
799.80469,3.30E+01
800.293,3.40E+01
800.78125,2.40E+01
801.26953,2.40E+01
801.75781,3.00E+01
802.24609,2.70E+01
802.73438,2.00E+01
803.22266,3.10E+01
803.71094,2.30E+01
804.19922,2.20E+01
804.6875,2.80E+01
805.17578,2.40E+01
805.66406,1.90E+01
806.15234,3.30E+01
806.64063,2.40E+01
807.12891,2.40E+01
807.61719,2.00E+01
808.10547,2.30E+01
808.59375,2.80E+01
809.082,2.80E+01
809.57031,3.30E+01
810.05859,2.70E+01
810.54688,3.40E+01
811.03516,3.30E+01
811.52344,2.70E+01
812.01172,2.60E+01
812.5,2.60E+01
812.98828,2.30E+01
813.47656,2.30E+01
813.96484,2.70E+01
814.45313,3.00E+01
814.94141,3.50E+01
815.42969,2.20E+01
815.918,2.40E+01
816.40625,2.90E+01
816.89453,2.90E+01
817.38281,2.60E+01
817.87109,3.20E+01
818.35938,2.70E+01
818.84766,2.00E+01
819.33594,3.00E+01
819.82422,2.80E+01
820.3125,2.50E+01
820.80078,3.00E+01
821.28906,2.40E+01
821.77734,1.70E+01
822.26563,3.80E+01
822.75391,2.80E+01
823.24219,2.90E+01
823.73047,2.50E+01
824.21875,3.00E+01
824.707,3.30E+01
825.19531,2.30E+01
825.68359,2.90E+01
826.17188,2.80E+01
826.66016,3.30E+01
827.14844,2.30E+01
827.63672,2.70E+01
828.125,3.10E+01
828.61328,2.40E+01
829.10156,3.00E+01
829.58984,2.40E+01
830.07813,3.60E+01
830.56641,2.70E+01
831.05469,2.90E+01
831.543,3.10E+01
832.03125,3.00E+01
832.51953,1.90E+01
833.00781,3.00E+01
833.49609,3.10E+01
833.98438,2.80E+01
834.47266,2.10E+01
834.96094,3.40E+01
835.44922,2.50E+01
835.9375,2.70E+01
836.42578,3.50E+01
836.91406,2.70E+01
837.40234,2.10E+01
837.89063,2.10E+01
838.37891,2.50E+01
838.86719,2.10E+01
839.35547,3.20E+01
839.84375,2.40E+01
840.332,2.70E+01
840.82031,3.90E+01
841.30859,3.10E+01
841.79688,2.90E+01
842.28516,2.80E+01
842.77344,2.50E+01
843.26172,2.70E+01
843.75,2.90E+01
844.23828,2.30E+01
844.72656,2.60E+01
845.21484,2.50E+01
845.70313,2.20E+01
846.19141,3.40E+01
846.67969,2.90E+01
847.168,2.90E+01
847.65625,3.50E+01
848.14453,2.80E+01
848.63281,3.10E+01
849.12109,2.60E+01
849.60938,3.10E+01
850.09766,2.90E+01
850.58594,2.10E+01
851.07422,1.40E+01
851.5625,2.20E+01
852.05078,3.00E+01
852.53906,2.10E+01
853.02734,2.70E+01
853.51563,2.60E+01
854.00391,2.40E+01
854.49219,2.70E+01
854.98047,3.30E+01
855.46875,3.20E+01
855.957,3.90E+01
856.44531,2.70E+01
856.93359,3.10E+01
857.42188,1.90E+01
857.91016,2.40E+01
858.39844,2.60E+01
858.88672,2.50E+01
859.375,2.60E+01
859.86328,1.70E+01
860.35156,2.50E+01
860.83984,1.90E+01
861.32813,2.80E+01
861.81641,2.40E+01
862.30469,3.60E+01
862.793,2.50E+01
863.28125,2.90E+01
863.76953,3.00E+01
864.25781,3.20E+01
864.74609,2.90E+01
865.23438,2.90E+01
865.72266,2.50E+01
866.21094,2.60E+01
866.69922,2.60E+01
867.1875,3.90E+01
867.67578,2.30E+01
868.16406,2.00E+01
868.65234,2.80E+01
869.14063,3.60E+01
869.62891,2.60E+01
870.11719,3.40E+01
870.60547,1.50E+01
871.09375,2.60E+01
871.582,2.20E+01
872.07031,2.40E+01
872.55859,3.30E+01
873.04688,2.00E+01
873.53516,3.00E+01
874.02344,2.60E+01
874.51172,1.40E+01
875,1.90E+01
875.48828,2.20E+01
875.97656,2.50E+01
876.46484,2.10E+01
876.95313,4.00E+01
877.44141,1.80E+01
877.92969,3.30E+01
878.418,2.90E+01
878.90625,2.30E+01
879.39453,3.00E+01
879.88281,2.80E+01
880.37109,3.20E+01
880.85938,2.90E+01
881.34766,2.30E+01
881.83594,1.80E+01
882.32422,3.30E+01
882.8125,3.60E+01
883.30078,2.90E+01
883.78906,3.10E+01
884.27734,2.90E+01
884.76563,1.90E+01
885.25391,2.50E+01
885.74219,2.30E+01
886.23047,3.20E+01
886.71875,2.50E+01
887.207,2.50E+01
887.69531,3.00E+01
888.18359,3.00E+01
888.67188,2.20E+01
889.16016,2.40E+01
889.64844,2.90E+01
890.13672,2.60E+01
890.625,2.70E+01
891.11328,3.00E+01
891.60156,3.20E+01
892.08984,2.90E+01
892.57813,2.20E+01
893.06641,2.60E+01
893.55469,3.10E+01
894.043,2.70E+01
894.53125,2.60E+01
895.01953,2.20E+01
895.50781,1.90E+01
895.99609,1.70E+01
896.48438,2.50E+01
896.97266,2.50E+01
897.46094,2.70E+01
897.94922,2.30E+01
898.4375,3.40E+01
898.92578,2.30E+01
899.41406,3.40E+01
899.90234,2.50E+01
900.39063,2.80E+01
900.87891,1.80E+01
901.36719,2.70E+01
901.85547,1.50E+01
902.34375,3.70E+01
902.832,1.90E+01
903.32031,2.80E+01
903.80859,3.20E+01
904.29688,3.10E+01
904.78516,2.60E+01
905.27344,2.30E+01
905.76172,3.60E+01
906.25,2.50E+01
906.73828,2.00E+01
907.22656,1.90E+01
907.71484,1.90E+01
908.20313,2.20E+01
908.69141,2.60E+01
909.17969,1.90E+01
909.668,2.30E+01
910.15625,2.20E+01
910.64453,2.30E+01
911.13281,3.00E+01
911.62109,2.80E+01
912.10938,1.80E+01
912.59766,1.70E+01
913.08594,2.60E+01
913.57422,2.50E+01
914.0625,2.70E+01
914.55078,2.80E+01
915.03906,2.70E+01
915.52734,2.60E+01
916.01563,2.60E+01
916.50391,2.50E+01
916.99219,2.50E+01
917.48047,2.60E+01
917.96875,2.60E+01
918.457,1.90E+01
918.94531,2.00E+01
919.43359,2.20E+01
919.92188,2.20E+01
920.41016,2.80E+01
920.89844,3.00E+01
921.38672,3.10E+01
921.875,2.10E+01
922.36328,1.70E+01
922.85156,2.00E+01
923.33984,2.20E+01
923.82813,2.80E+01
924.31641,3.70E+01
924.80469,3.20E+01
925.293,2.30E+01
925.78125,3.80E+01
926.26953,2.60E+01
926.75781,3.00E+01
927.24609,2.50E+01
927.73438,2.40E+01
928.22266,2.20E+01
928.71094,2.50E+01
929.19922,2.70E+01
929.6875,2.80E+01
930.17578,1.90E+01
930.66406,2.40E+01
931.15234,2.10E+01
931.64063,2.80E+01
932.12891,2.70E+01
932.61719,2.10E+01
933.10547,1.70E+01
933.59375,2.10E+01
934.082,3.20E+01
934.57031,3.00E+01
935.05859,2.90E+01
935.54688,2.90E+01
936.03516,2.80E+01
936.52344,3.00E+01
937.01172,2.30E+01
937.5,1.70E+01
937.98828,3.10E+01
938.47656,2.70E+01
938.96484,2.70E+01
939.45313,2.00E+01
939.94141,3.00E+01
940.42969,2.90E+01
940.918,2.90E+01
941.40625,3.10E+01
941.89453,2.70E+01
942.38281,3.50E+01
942.87109,1.50E+01
943.35938,2.10E+01
943.84766,3.20E+01
944.33594,3.00E+01
944.82422,3.10E+01
945.3125,3.00E+01
945.80078,3.40E+01
946.28906,2.50E+01
946.77734,1.90E+01
947.26563,1.80E+01
947.75391,2.60E+01
948.24219,2.00E+01
948.73047,2.60E+01
949.21875,2.80E+01
949.707,2.40E+01
950.19531,2.10E+01
950.68359,3.00E+01
951.17188,2.50E+01
951.66016,3.30E+01
952.14844,1.70E+01
952.63672,3.20E+01
953.125,2.00E+01
953.61328,2.60E+01
954.10156,1.80E+01
954.58984,2.70E+01
955.07813,2.50E+01
955.56641,1.80E+01
956.05469,2.70E+01
956.543,3.00E+01
957.03125,2.40E+01
957.51953,3.70E+01
958.00781,2.50E+01
958.49609,3.00E+01
958.98438,2.20E+01
959.47266,1.60E+01
959.96094,1.90E+01
960.44922,2.30E+01
960.9375,3.20E+01
961.42578,3.20E+01
961.91406,2.70E+01
962.40234,2.90E+01
962.89063,2.00E+01
963.37891,2.50E+01
963.86719,2.80E+01
964.35547,1.40E+01
964.84375,2.60E+01
965.332,2.50E+01
965.82031,1.80E+01
966.30859,2.30E+01
966.79688,2.40E+01
967.28516,2.70E+01
967.77344,1.50E+01
968.26172,2.60E+01
968.75,2.30E+01
969.23828,2.60E+01
969.72656,3.50E+01
970.21484,2.50E+01
970.70313,2.70E+01
971.19141,2.40E+01
971.67969,2.20E+01
972.168,2.10E+01
972.65625,1.90E+01
973.14453,2.20E+01
973.63281,3.00E+01
974.12109,2.90E+01
974.60938,2.70E+01
975.09766,3.80E+01
975.58594,2.00E+01
976.07422,2.40E+01
976.5625,2.10E+01
977.05078,2.20E+01
977.53906,2.40E+01
978.02734,2.70E+01
978.51563,3.10E+01
979.00391,2.30E+01
979.49219,2.70E+01
979.98047,2.30E+01
980.46875,2.40E+01
980.957,2.20E+01
981.44531,2.30E+01
981.93359,2.10E+01
982.42188,2.90E+01
982.91016,1.40E+01
983.39844,2.30E+01
983.88672,2.60E+01
984.375,2.20E+01
984.86328,2.90E+01
985.35156,2.20E+01
985.83984,2.80E+01
986.32813,1.50E+01
986.81641,2.40E+01
987.30469,2.60E+01
987.793,2.50E+01
988.28125,2.50E+01
988.76953,2.30E+01
989.25781,3.20E+01
989.74609,1.30E+01
990.23438,2.10E+01
990.72266,1.80E+01
991.21094,3.00E+01
991.69922,2.80E+01
992.1875,2.50E+01
992.67578,2.60E+01
993.16406,3.20E+01
993.65234,2.40E+01
994.14063,2.10E+01
994.62891,2.90E+01
995.11719,2.80E+01
995.60547,2.70E+01
996.09375,3.00E+01
996.582,2.40E+01
997.07031,2.20E+01
997.55859,2.00E+01
998.04688,2.00E+01
998.53516,2.20E+01
999.02344,1.60E+01
999.51172,2.40E+01
1000,2.00E+01
1000.4883,2.00E+01
1000.9766,1.90E+01
1001.4648,2.20E+01
1001.9531,3.40E+01
1002.4414,2.30E+01
1002.93,3.00E+01
1003.418,2.10E+01
1003.9063,2.20E+01
1004.3945,2.60E+01
1004.8828,2.10E+01
1005.3711,2.30E+01
1005.8594,2.30E+01
1006.3477,2.60E+01
1006.8359,1.60E+01
1007.3242,2.60E+01
1007.8125,2.20E+01
1008.3008,2.30E+01
1008.7891,2.60E+01
1009.2773,1.80E+01
1009.7656,2.50E+01
1010.2539,2.30E+01
1010.7422,2.10E+01
1011.23,2.50E+01
1011.7188,2.30E+01
1012.207,2.10E+01
1012.6953,3.20E+01
1013.1836,2.60E+01
1013.6719,1.80E+01
1014.16,2.30E+01
1014.6484,3.10E+01
1015.1367,2.70E+01
1015.625,2.50E+01
1016.1133,1.30E+01
1016.6016,2.90E+01
1017.09,1.90E+01
1017.5781,3.20E+01
1018.0664,1.50E+01
1018.5547,1.70E+01
1019.043,2.60E+01
1019.5313,2.10E+01
1020.02,1.70E+01
1020.5078,1.80E+01
1020.9961,2.60E+01
1021.4844,1.70E+01
1021.9727,1.90E+01
1022.4609,2.10E+01
1022.9492,1.70E+01
1023.4375,1.90E+01
1023.9258,2.10E+01
1024.4141,2.10E+01
1024.9023,2.60E+01
1025.3906,2.60E+01
1025.8789,1.70E+01
1026.3672,3.40E+01
1026.8555,2.50E+01
1027.3438,2.00E+01
1027.832,2.80E+01
1028.32,2.80E+01
1028.8086,2.20E+01
1029.2969,1.10E+01
1029.7852,1.30E+01
1030.2734,3.20E+01
1030.7617,1.80E+01
1031.25,2.20E+01
1031.7383,1.80E+01
1032.2266,2.40E+01
1032.7148,3.70E+01
1033.2031,2.50E+01
1033.6914,2.50E+01
1034.18,2.80E+01
1034.668,2.60E+01
1035.1563,2.10E+01
1035.6445,2.30E+01
1036.1328,2.80E+01
1036.6211,2.20E+01
1037.1094,1.80E+01
1037.5977,2.20E+01
1038.0859,2.70E+01
1038.5742,3.10E+01
1039.0625,2.80E+01
1039.5508,2.20E+01
1040.0391,2.20E+01
1040.5273,2.00E+01
1041.0156,2.60E+01
1041.5039,2.20E+01
1041.9922,2.10E+01
1042.48,1.60E+01
1042.9688,2.40E+01
1043.457,2.50E+01
1043.9453,2.50E+01
1044.4336,2.60E+01
1044.9219,2.10E+01
1045.41,2.40E+01
1045.8984,1.80E+01
1046.3867,3.30E+01
1046.875,2.50E+01
1047.3633,1.90E+01
1047.8516,2.60E+01
1048.34,2.00E+01
1048.8281,1.70E+01
1049.3164,2.10E+01
1049.8047,2.00E+01
1050.293,3.00E+01
1050.7813,2.00E+01
1051.27,2.20E+01
1051.7578,2.60E+01
1052.2461,3.30E+01
1052.7344,2.50E+01
1053.2227,2.70E+01
1053.7109,2.60E+01
1054.1992,1.80E+01
1054.6875,2.00E+01
1055.1758,1.70E+01
1055.6641,2.00E+01
1056.1523,2.10E+01
1056.6406,1.80E+01
1057.1289,3.20E+01
1057.6172,1.70E+01
1058.1055,2.50E+01
1058.5938,3.00E+01
1059.082,2.50E+01
1059.57,2.40E+01
1060.0586,2.80E+01
1060.5469,2.40E+01
1061.0352,2.60E+01
1061.5234,2.50E+01
1062.0117,2.30E+01
1062.5,1.80E+01
1062.9883,2.40E+01
1063.4766,2.50E+01
1063.9648,2.20E+01
1064.4531,2.30E+01
1064.9414,2.30E+01
1065.43,3.30E+01
1065.918,1.70E+01
1066.4063,2.10E+01
1066.8945,2.30E+01
1067.3828,2.20E+01
1067.8711,2.60E+01
1068.3594,2.00E+01
1068.8477,1.90E+01
1069.3359,1.80E+01
1069.8242,2.80E+01
1070.3125,2.70E+01
1070.8008,1.90E+01
1071.2891,2.50E+01
1071.7773,2.60E+01
1072.2656,2.60E+01
1072.7539,2.50E+01
1073.2422,2.20E+01
1073.73,2.40E+01
1074.2188,1.20E+01
1074.707,2.90E+01
1075.1953,2.20E+01
1075.6836,2.10E+01
1076.1719,2.00E+01
1076.66,2.20E+01
1077.1484,2.60E+01
1077.6367,1.40E+01
1078.125,2.50E+01
1078.6133,2.30E+01
1079.1016,2.50E+01
1079.59,2.80E+01
1080.0781,2.40E+01
1080.5664,2.50E+01
1081.0547,2.60E+01
1081.543,2.70E+01
1082.0313,2.20E+01
1082.52,2.60E+01
1083.0078,2.70E+01
1083.4961,2.80E+01
1083.9844,2.10E+01
1084.4727,2.40E+01
1084.9609,2.20E+01
1085.4492,1.90E+01
1085.9375,2.80E+01
1086.4258,2.00E+01
1086.9141,2.80E+01
1087.4023,2.30E+01
1087.8906,2.90E+01
1088.3789,2.40E+01
1088.8672,3.10E+01
1089.3555,1.40E+01
1089.8438,1.60E+01
1090.332,2.30E+01
1090.82,1.90E+01
1091.3086,2.20E+01
1091.7969,2.40E+01
1092.2852,2.00E+01
1092.7734,2.00E+01
1093.2617,2.10E+01
1093.75,3.20E+01
1094.2383,1.80E+01
1094.7266,2.50E+01
1095.2148,1.60E+01
1095.7031,3.30E+01
1096.1914,2.20E+01
1096.68,2.60E+01
1097.168,1.60E+01
1097.6563,2.00E+01
1098.1445,2.30E+01
1098.6328,3.10E+01
1099.1211,1.70E+01
1099.6094,2.80E+01
1100.0977,1.50E+01
1100.5859,2.60E+01
1101.0742,2.20E+01
1101.5625,1.70E+01
1102.0508,2.00E+01
1102.5391,2.10E+01
1103.0273,1.70E+01
1103.5156,2.40E+01
1104.0039,2.60E+01
1104.4922,2.30E+01
1104.98,1.90E+01
1105.4688,1.70E+01
1105.957,2.50E+01
1106.4453,2.40E+01
1106.9336,1.90E+01
1107.4219,2.70E+01
1107.91,2.20E+01
1108.3984,2.00E+01
1108.8867,2.60E+01
1109.375,2.30E+01
1109.8633,2.00E+01
1110.3516,2.90E+01
1110.84,2.00E+01
1111.3281,1.90E+01
1111.8164,2.70E+01
1112.3047,2.50E+01
1112.793,2.80E+01
1113.2813,2.10E+01
1113.77,2.50E+01
1114.2578,2.10E+01
1114.7461,2.20E+01
1115.2344,3.00E+01
1115.7227,2.30E+01
1116.2109,2.50E+01
1116.6992,2.20E+01
1117.1875,3.00E+01
1117.6758,2.80E+01
1118.1641,2.20E+01
1118.6523,1.30E+01
1119.1406,2.50E+01
1119.6289,2.60E+01
1120.1172,1.40E+01
1120.6055,1.80E+01
1121.0938,2.80E+01
1121.582,2.80E+01
1122.07,3.60E+01
1122.5586,2.20E+01
1123.0469,2.60E+01
1123.5352,2.80E+01
1124.0234,2.00E+01
1124.5117,2.60E+01
1125,2.00E+01
1125.4883,2.00E+01
1125.9766,1.90E+01
1126.4648,2.50E+01
1126.9531,2.70E+01
1127.4414,2.10E+01
1127.93,2.40E+01
1128.418,1.60E+01
1128.9063,1.90E+01
1129.3945,2.00E+01
1129.8828,2.00E+01
1130.3711,2.30E+01
1130.8594,1.90E+01
1131.3477,1.50E+01
1131.8359,2.60E+01
1132.3242,2.60E+01
1132.8125,1.90E+01
1133.3008,3.10E+01
1133.7891,2.20E+01
1134.2773,2.50E+01
1134.7656,1.90E+01
1135.2539,2.70E+01
1135.7422,3.00E+01
1136.23,1.80E+01
1136.7188,2.50E+01
1137.207,3.30E+01
1137.6953,1.90E+01
1138.1836,1.70E+01
1138.6719,2.00E+01
1139.16,1.80E+01
1139.6484,2.30E+01
1140.1367,2.80E+01
1140.625,1.90E+01
1141.1133,2.50E+01
1141.6016,2.60E+01
1142.09,2.10E+01
1142.5781,2.60E+01
1143.0664,2.70E+01
1143.5547,2.00E+01
1144.043,9.00E+00
1144.5313,2.00E+01
1145.02,2.10E+01
1145.5078,2.00E+01
1145.9961,2.30E+01
1146.4844,2.30E+01
1146.9727,1.80E+01
1147.4609,1.80E+01
1147.9492,2.30E+01
1148.4375,2.40E+01
1148.9258,2.40E+01
1149.4141,2.60E+01
1149.9023,3.40E+01
1150.3906,3.20E+01
1150.8789,2.50E+01
1151.3672,2.20E+01
1151.8555,3.10E+01
1152.3438,2.90E+01
1152.832,1.40E+01
1153.32,1.90E+01
1153.8086,2.20E+01
1154.2969,1.60E+01
1154.7852,2.30E+01
1155.2734,1.90E+01
1155.7617,2.20E+01
1156.25,1.80E+01
1156.7383,2.10E+01
1157.2266,2.20E+01
1157.7148,1.10E+01
1158.2031,2.20E+01
1158.6914,2.90E+01
1159.18,2.70E+01
1159.668,2.80E+01
1160.1563,2.40E+01
1160.6445,1.60E+01
1161.1328,2.60E+01
1161.6211,1.80E+01
1162.1094,2.40E+01
1162.5977,2.30E+01
1163.0859,2.10E+01
1163.5742,2.00E+01
1164.0625,2.40E+01
1164.5508,1.90E+01
1165.0391,2.40E+01
1165.5273,1.50E+01
1166.0156,2.00E+01
1166.5039,2.00E+01
1166.9922,1.80E+01
1167.48,2.10E+01
1167.9688,2.00E+01
1168.457,2.10E+01
1168.9453,2.40E+01
1169.4336,2.10E+01
1169.9219,1.70E+01
1170.41,2.30E+01
1170.8984,2.40E+01
1171.3867,1.90E+01
1171.875,2.60E+01
1172.3633,2.00E+01
1172.8516,1.40E+01
1173.34,1.90E+01
1173.8281,2.00E+01
1174.3164,2.70E+01
1174.8047,2.30E+01
1175.293,2.50E+01
1175.7813,1.50E+01
1176.27,2.40E+01
1176.7578,2.70E+01
1177.2461,2.90E+01
1177.7344,2.40E+01
1178.2227,2.30E+01
1178.7109,2.40E+01
1179.1992,2.10E+01
1179.6875,1.70E+01
1180.1758,1.90E+01
1180.6641,2.40E+01
1181.1523,2.30E+01
1181.6406,1.80E+01
1182.1289,1.90E+01
1182.6172,2.30E+01
1183.1055,2.20E+01
1183.5938,1.80E+01
1184.082,1.70E+01
1184.57,2.60E+01
1185.0586,2.30E+01
1185.5469,2.20E+01
1186.0352,2.20E+01
1186.5234,1.40E+01
1187.0117,2.10E+01
1187.5,1.90E+01
1187.9883,2.50E+01
1188.4766,2.10E+01
1188.9648,2.50E+01
1189.4531,2.20E+01
1189.9414,1.50E+01
1190.43,1.50E+01
1190.918,1.20E+01
1191.4063,1.90E+01
1191.8945,3.40E+01
1192.3828,1.60E+01
1192.8711,2.80E+01
1193.3594,2.30E+01
1193.8477,2.00E+01
1194.3359,1.30E+01
1194.8242,2.30E+01
1195.3125,1.80E+01
1195.8008,1.30E+01
1196.2891,2.60E+01
1196.7773,1.50E+01
1197.2656,1.80E+01
1197.7539,2.00E+01
1198.2422,1.80E+01
1198.73,2.40E+01
1199.2188,3.00E+01
1199.707,1.90E+01
1200.1953,2.80E+01
1200.6836,2.10E+01
1201.1719,2.40E+01
1201.66,2.10E+01
1202.1484,2.50E+01
1202.6367,2.50E+01
1203.125,1.20E+01
1203.6133,2.00E+01
1204.1016,2.70E+01
1204.59,3.10E+01
1205.0781,2.70E+01
1205.5664,2.40E+01
1206.0547,1.20E+01
1206.543,2.40E+01
1207.0313,1.70E+01
1207.52,2.90E+01
1208.0078,2.70E+01
1208.4961,2.90E+01
1208.9844,2.80E+01
1209.4727,2.40E+01
1209.9609,1.90E+01
1210.4492,2.10E+01
1210.9375,2.10E+01
1211.4258,1.90E+01
1211.9141,2.40E+01
1212.4023,1.90E+01
1212.8906,3.10E+01
1213.3789,1.70E+01
1213.8672,1.70E+01
1214.3555,1.40E+01
1214.8438,2.50E+01
1215.332,2.00E+01
1215.82,1.90E+01
1216.3086,2.20E+01
1216.7969,1.40E+01
1217.2852,1.80E+01
1217.7734,1.90E+01
1218.2617,2.00E+01
1218.75,1.80E+01
1219.2383,1.20E+01
1219.7266,2.50E+01
1220.2148,2.00E+01
1220.7031,2.30E+01
1221.1914,2.50E+01
1221.68,2.00E+01
1222.168,1.50E+01
1222.6563,2.30E+01
1223.1445,2.30E+01
1223.6328,2.10E+01
1224.1211,2.10E+01
1224.6094,1.50E+01
1225.0977,2.70E+01
1225.5859,2.90E+01
1226.0742,2.50E+01
1226.5625,1.70E+01
1227.0508,2.00E+01
1227.5391,2.40E+01
1228.0273,2.50E+01
1228.5156,2.20E+01
1229.0039,2.00E+01
1229.4922,1.70E+01
1229.98,1.80E+01
1230.4688,2.30E+01
1230.957,3.00E+01
1231.4453,1.80E+01
1231.9336,1.80E+01
1232.4219,1.00E+01
1232.91,2.50E+01
1233.3984,2.10E+01
1233.8867,2.20E+01
1234.375,2.10E+01
1234.8633,1.80E+01
1235.3516,1.70E+01
1235.84,2.10E+01
1236.3281,2.80E+01
1236.8164,1.60E+01
1237.3047,2.60E+01
1237.793,2.20E+01
1238.2813,2.00E+01
1238.77,2.80E+01
1239.2578,2.40E+01
1239.7461,1.90E+01
1240.2344,1.90E+01
1240.7227,2.10E+01
1241.2109,2.30E+01
1241.6992,2.10E+01
1242.1875,3.00E+01
1242.6758,1.90E+01
1243.1641,1.60E+01
1243.6523,2.30E+01
1244.1406,2.00E+01
1244.6289,1.80E+01
1245.1172,2.70E+01
1245.6055,2.10E+01
1246.0938,2.40E+01
1246.582,2.00E+01
1247.07,2.10E+01
1247.5586,3.20E+01
1248.0469,1.50E+01
1248.5352,1.90E+01
1249.0234,1.70E+01
1249.5117,2.30E+01
1250,2.40E+01
1250.4883,1.70E+01
1250.9766,1.70E+01
1251.4648,2.10E+01
1251.9531,2.00E+01
1252.4414,2.00E+01
1252.93,2.30E+01
1253.418,2.20E+01
1253.9063,2.10E+01
1254.3945,2.20E+01
1254.8828,2.50E+01
1255.3711,1.30E+01
1255.8594,2.10E+01
1256.3477,1.50E+01
1256.8359,1.90E+01
1257.3242,1.90E+01
1257.8125,2.20E+01
1258.3008,1.80E+01
1258.7891,1.50E+01
1259.2773,2.70E+01
1259.7656,1.80E+01
1260.2539,1.90E+01
1260.7422,2.30E+01
1261.23,1.50E+01
1261.7188,1.60E+01
1262.207,2.60E+01
1262.6953,2.50E+01
1263.1836,1.90E+01
1263.6719,1.80E+01
1264.16,2.40E+01
1264.6484,3.00E+01
1265.1367,2.10E+01
1265.625,1.60E+01
1266.1133,3.30E+01
1266.6016,2.90E+01
1267.09,2.40E+01
1267.5781,2.10E+01
1268.0664,1.90E+01
1268.5547,2.20E+01
1269.043,3.00E+01
1269.5313,2.40E+01
1270.02,1.60E+01
1270.5078,2.30E+01
1270.9961,2.70E+01
1271.4844,2.90E+01
1271.9727,1.30E+01
1272.4609,3.00E+01
1272.9492,1.90E+01
1273.4375,1.50E+01
1273.9258,2.10E+01
1274.4141,2.20E+01
1274.9023,2.50E+01
1275.3906,1.80E+01
1275.8789,2.30E+01
1276.3672,2.10E+01
1276.8555,1.30E+01
1277.3438,1.70E+01
1277.832,1.70E+01
1278.32,2.40E+01
1278.8086,1.80E+01
1279.2969,2.90E+01
1279.7852,2.30E+01
1280.2734,2.30E+01
1280.7617,2.40E+01
1281.25,2.50E+01
1281.7383,2.30E+01
1282.2266,2.20E+01
1282.7148,2.30E+01
1283.2031,2.20E+01
1283.6914,2.00E+01
1284.18,1.70E+01
1284.668,1.50E+01
1285.1563,1.90E+01
1285.6445,2.20E+01
1286.1328,1.80E+01
1286.6211,2.20E+01
1287.1094,2.80E+01
1287.5977,1.70E+01
1288.0859,2.10E+01
1288.5742,2.20E+01
1289.0625,1.50E+01
1289.5508,1.50E+01
1290.0391,1.80E+01
1290.5273,1.50E+01
1291.0156,2.20E+01
1291.5039,1.90E+01
1291.9922,1.00E+01
1292.48,2.10E+01
1292.9688,2.20E+01
1293.457,1.60E+01
1293.9453,1.50E+01
1294.4336,2.90E+01
1294.9219,3.00E+01
1295.41,3.00E+01
1295.8984,2.20E+01
1296.3867,2.70E+01
1296.875,1.50E+01
1297.3633,1.40E+01
1297.8516,1.50E+01
1298.34,2.50E+01
1298.8281,2.40E+01
1299.3164,2.20E+01
1299.8047,2.40E+01
1300.293,1.30E+01
1300.7813,1.70E+01
1301.27,1.80E+01
1301.7578,2.00E+01
1302.2461,1.60E+01
1302.7344,1.90E+01
1303.2227,2.10E+01
1303.7109,3.00E+01
1304.1992,1.70E+01
1304.6875,2.40E+01
1305.1758,1.30E+01
1305.6641,1.80E+01
1306.1523,2.20E+01
1306.6406,1.80E+01
1307.1289,1.90E+01
1307.6172,2.60E+01
1308.1055,2.20E+01
1308.5938,1.90E+01
1309.082,2.10E+01
1309.57,2.20E+01
1310.0586,1.20E+01
1310.5469,1.90E+01
1311.0352,2.50E+01
1311.5234,2.30E+01
1312.0117,1.90E+01
1312.5,2.40E+01
1312.9883,1.90E+01
1313.4766,1.30E+01
1313.9648,1.60E+01
1314.4531,1.90E+01
1314.9414,2.20E+01
1315.43,2.90E+01
1315.918,2.70E+01
1316.4063,2.20E+01
1316.8945,1.20E+01
1317.3828,2.20E+01
1317.8711,2.40E+01
1318.3594,2.50E+01
1318.8477,2.40E+01
1319.3359,1.60E+01
1319.8242,1.90E+01
1320.3125,2.00E+01
1320.8008,1.40E+01
1321.2891,1.90E+01
1321.7773,1.70E+01
1322.2656,1.60E+01
1322.7539,1.60E+01
1323.2422,2.10E+01
1323.73,2.60E+01
1324.2188,1.80E+01
1324.707,1.80E+01
1325.1953,2.10E+01
1325.6836,2.00E+01
1326.1719,2.30E+01
1326.66,2.60E+01
1327.1484,3.10E+01
1327.6367,2.10E+01
1328.125,1.70E+01
1328.6133,1.80E+01
1329.1016,1.80E+01
1329.59,1.80E+01
1330.0781,2.30E+01
1330.5664,2.00E+01
1331.0547,2.30E+01
1331.543,2.80E+01
1332.0313,2.50E+01
1332.52,1.80E+01
1333.0078,2.40E+01
1333.4961,1.40E+01
1333.9844,1.70E+01
1334.4727,1.70E+01
1334.9609,2.40E+01
1335.4492,2.90E+01
1335.9375,1.80E+01
1336.4258,2.70E+01
1336.9141,2.30E+01
1337.4023,1.70E+01
1337.8906,1.50E+01
1338.3789,1.60E+01
1338.8672,2.20E+01
1339.3555,2.50E+01
1339.8438,1.50E+01
1340.332,2.60E+01
1340.82,2.00E+01
1341.3086,2.50E+01
1341.7969,1.10E+01
1342.2852,1.50E+01
1342.7734,2.00E+01
1343.2617,2.20E+01
1343.75,1.80E+01
1344.2383,2.00E+01
1344.7266,1.00E+01
1345.2148,1.90E+01
1345.7031,1.60E+01
1346.1914,1.80E+01
1346.68,2.50E+01
1347.168,2.80E+01
1347.6563,1.30E+01
1348.1445,1.40E+01
1348.6328,2.20E+01
1349.1211,1.50E+01
1349.6094,1.60E+01
1350.0977,2.40E+01
1350.5859,1.90E+01
1351.0742,2.20E+01
1351.5625,2.20E+01
1352.0508,1.70E+01
1352.5391,2.40E+01
1353.0273,1.80E+01
1353.5156,1.70E+01
1354.0039,1.80E+01
1354.4922,2.00E+01
1354.98,1.90E+01
1355.4688,1.90E+01
1355.957,1.80E+01
1356.4453,1.40E+01
1356.9336,1.80E+01
1357.4219,2.10E+01
1357.91,1.50E+01
1358.3984,1.90E+01
1358.8867,1.90E+01
1359.375,2.10E+01
1359.8633,2.10E+01
1360.3516,2.20E+01
1360.84,1.70E+01
1361.3281,2.50E+01
1361.8164,2.40E+01
1362.3047,1.80E+01
1362.793,1.40E+01
1363.2813,2.40E+01
1363.77,1.40E+01
1364.2578,1.90E+01
1364.7461,1.80E+01
1365.2344,1.60E+01
1365.7227,1.80E+01
1366.2109,1.90E+01
1366.6992,2.30E+01
1367.1875,2.00E+01
1367.6758,2.30E+01
1368.1641,1.60E+01
1368.6523,1.20E+01
1369.1406,2.00E+01
1369.6289,1.60E+01
1370.1172,1.70E+01
1370.6055,2.00E+01
1371.0938,2.30E+01
1371.582,1.80E+01
1372.07,2.10E+01
1372.5586,2.00E+01
1373.0469,2.20E+01
1373.5352,2.10E+01
1374.0234,1.60E+01
1374.5117,1.90E+01
1375,2.00E+01
1375.4883,1.60E+01
1375.9766,1.50E+01
1376.4648,1.90E+01
1376.9531,2.80E+01
1377.4414,1.90E+01
1377.93,2.00E+01
1378.418,2.30E+01
1378.9063,1.90E+01
1379.3945,2.00E+01
1379.8828,3.10E+01
1380.3711,1.70E+01
1380.8594,1.90E+01
1381.3477,1.40E+01
1381.8359,1.50E+01
1382.3242,2.80E+01
1382.8125,1.40E+01
1383.3008,2.40E+01
1383.7891,2.10E+01
1384.2773,2.10E+01
1384.7656,1.90E+01
1385.2539,2.40E+01
1385.7422,1.60E+01
1386.23,1.80E+01
1386.7188,2.00E+01
1387.207,1.90E+01
1387.6953,1.30E+01
1388.1836,2.30E+01
1388.6719,2.30E+01
1389.16,1.60E+01
1389.6484,1.70E+01
1390.1367,1.40E+01
1390.625,2.30E+01
1391.1133,2.20E+01
1391.6016,1.80E+01
1392.09,1.70E+01
1392.5781,1.50E+01
1393.0664,2.00E+01
1393.5547,1.70E+01
1394.043,2.80E+01
1394.5313,1.90E+01
1395.02,2.40E+01
1395.5078,2.80E+01
1395.9961,1.80E+01
1396.4844,2.10E+01
1396.9727,2.90E+01
1397.4609,1.80E+01
1397.9492,2.00E+01
1398.4375,2.10E+01
1398.9258,2.00E+01
1399.4141,2.00E+01
1399.9023,2.20E+01
1400.3906,1.50E+01
1400.8789,1.30E+01
1401.3672,2.20E+01
1401.8555,2.30E+01
1402.3438,2.50E+01
1402.832,1.70E+01
1403.32,1.80E+01
1403.8086,1.90E+01
1404.2969,1.60E+01
1404.7852,2.60E+01
1405.2734,1.80E+01
1405.7617,1.70E+01
1406.25,1.90E+01
1406.7383,1.40E+01
1407.2266,1.80E+01
1407.7148,1.60E+01
1408.2031,2.00E+01
1408.6914,2.60E+01
1409.18,2.00E+01
1409.668,2.00E+01
1410.1563,1.40E+01
1410.6445,1.80E+01
1411.1328,1.70E+01
1411.6211,1.60E+01
1412.1094,2.70E+01
1412.5977,2.30E+01
1413.0859,1.80E+01
1413.5742,1.80E+01
1414.0625,2.50E+01
1414.5508,2.20E+01
1415.0391,1.90E+01
1415.5273,2.30E+01
1416.0156,2.40E+01
1416.5039,1.70E+01
1416.9922,1.30E+01
1417.48,1.60E+01
1417.9688,1.30E+01
1418.457,1.90E+01
1418.9453,2.40E+01
1419.4336,2.20E+01
1419.9219,1.50E+01
1420.41,1.50E+01
1420.8984,1.30E+01
1421.3867,1.80E+01
1421.875,1.50E+01
1422.3633,1.60E+01
1422.8516,1.80E+01
1423.34,1.50E+01
1423.8281,2.30E+01
1424.3164,2.40E+01
1424.8047,2.60E+01
1425.293,2.10E+01
1425.7813,1.60E+01
1426.27,2.40E+01
1426.7578,2.20E+01
1427.2461,1.40E+01
1427.7344,1.80E+01
1428.2227,1.70E+01
1428.7109,1.90E+01
1429.1992,1.90E+01
1429.6875,2.10E+01
1430.1758,1.40E+01
1430.6641,2.60E+01
1431.1523,2.50E+01
1431.6406,2.00E+01
1432.1289,2.00E+01
1432.6172,1.90E+01
1433.1055,1.90E+01
1433.5938,2.00E+01
1434.082,2.40E+01
1434.57,1.50E+01
1435.0586,2.40E+01
1435.5469,2.00E+01
1436.0352,2.00E+01
1436.5234,1.50E+01
1437.0117,1.50E+01
1437.5,2.70E+01
1437.9883,2.10E+01
1438.4766,1.20E+01
1438.9648,1.90E+01
1439.4531,1.50E+01
1439.9414,2.40E+01
1440.43,2.20E+01
1440.918,1.60E+01
1441.4063,1.60E+01
1441.8945,2.20E+01
1442.3828,1.30E+01
1442.8711,2.20E+01
1443.3594,1.90E+01
1443.8477,1.50E+01
1444.3359,1.70E+01
1444.8242,1.60E+01
1445.3125,1.20E+01
1445.8008,2.10E+01
1446.2891,1.60E+01
1446.7773,2.20E+01
1447.2656,2.30E+01
1447.7539,1.80E+01
1448.2422,1.80E+01
1448.73,1.40E+01
1449.2188,1.00E+01
1449.707,1.40E+01
1450.1953,1.90E+01
1450.6836,2.20E+01
1451.1719,1.40E+01
1451.66,1.80E+01
1452.1484,1.70E+01
1452.6367,1.20E+01
1453.125,1.00E+01
1453.6133,2.20E+01
1454.1016,2.30E+01
1454.59,1.80E+01
1455.0781,1.80E+01
1455.5664,2.00E+01
1456.0547,2.00E+01
1456.543,1.60E+01
1457.0313,1.90E+01
1457.52,1.40E+01
1458.0078,2.30E+01
1458.4961,1.40E+01
1458.9844,1.10E+01
1459.4727,1.70E+01
1459.9609,1.40E+01
1460.4492,1.80E+01
1460.9375,1.80E+01
1461.4258,1.90E+01
1461.9141,1.40E+01
1462.4023,1.30E+01
1462.8906,2.90E+01
1463.3789,2.30E+01
1463.8672,1.90E+01
1464.3555,6.00E+00
1464.8438,2.00E+01
1465.332,1.40E+01
1465.82,1.80E+01
1466.3086,1.00E+01
1466.7969,1.80E+01
1467.2852,1.90E+01
1467.7734,1.10E+01
1468.2617,1.50E+01
1468.75,1.10E+01
1469.2383,2.70E+01
1469.7266,1.10E+01
1470.2148,2.10E+01
1470.7031,1.70E+01
1471.1914,1.90E+01
1471.68,1.70E+01
1472.168,2.40E+01
1472.6563,2.20E+01
1473.1445,1.70E+01
1473.6328,1.60E+01
1474.1211,2.10E+01
1474.6094,1.90E+01
1475.0977,2.10E+01
1475.5859,9.00E+00
1476.0742,1.90E+01
1476.5625,2.20E+01
1477.0508,1.70E+01
1477.5391,1.90E+01
1478.0273,2.30E+01
1478.5156,1.50E+01
1479.0039,1.90E+01
1479.4922,1.90E+01
1479.98,1.10E+01
1480.4688,2.30E+01
1480.957,1.90E+01
1481.4453,1.80E+01
1481.9336,1.30E+01
1482.4219,2.40E+01
1482.91,1.90E+01
1483.3984,1.00E+01
1483.8867,1.80E+01
1484.375,1.80E+01
1484.8633,1.80E+01
1485.3516,1.50E+01
1485.84,1.50E+01
1486.3281,9.00E+00
1486.8164,1.60E+01
1487.3047,1.30E+01
1487.793,2.00E+01
1488.2813,1.70E+01
1488.77,2.00E+01
1489.2578,1.30E+01
1489.7461,2.70E+01
1490.2344,2.30E+01
1490.7227,1.90E+01
1491.2109,1.50E+01
1491.6992,1.20E+01
1492.1875,2.40E+01
1492.6758,1.60E+01
1493.1641,1.80E+01
1493.6523,1.80E+01
1494.1406,2.30E+01
1494.6289,1.30E+01
1495.1172,2.20E+01
1495.6055,2.10E+01
1496.0938,1.70E+01
1496.582,1.60E+01
1497.07,1.80E+01
1497.5586,2.90E+01
1498.0469,1.70E+01
1498.5352,1.60E+01
1499.0234,2.20E+01
1499.5117,2.00E+01
1500,1.60E+01
1500.4883,1.40E+01
1500.9766,1.40E+01
1501.4648,2.00E+01
1501.9531,1.60E+01
1502.4414,1.90E+01
1502.93,2.60E+01
1503.418,2.10E+01
1503.9063,2.10E+01
1504.3945,1.30E+01
1504.8828,2.30E+01
1505.3711,2.00E+01
1505.8594,1.70E+01
1506.3477,1.30E+01
1506.8359,1.90E+01
1507.3242,1.80E+01
1507.8125,2.00E+01
1508.3008,1.90E+01
1508.7891,1.90E+01
1509.2773,1.80E+01
1509.7656,1.70E+01
1510.2539,1.50E+01
1510.7422,1.50E+01
1511.23,1.60E+01
1511.7188,2.00E+01
1512.207,1.90E+01
1512.6953,2.30E+01
1513.1836,2.10E+01
1513.6719,1.90E+01
1514.16,2.60E+01
1514.6484,1.80E+01
1515.1367,8.00E+00
1515.625,2.80E+01
1516.1133,2.00E+01
1516.6016,1.00E+01
1517.09,1.50E+01
1517.5781,1.90E+01
1518.0664,1.60E+01
1518.5547,1.50E+01
1519.043,1.50E+01
1519.5313,1.30E+01
1520.02,1.00E+01
1520.5078,1.50E+01
1520.9961,2.50E+01
1521.4844,1.60E+01
1521.9727,1.80E+01
1522.4609,2.20E+01
1522.9492,2.00E+01
1523.4375,2.10E+01
1523.9258,1.40E+01
1524.4141,1.80E+01
1524.9023,1.40E+01
1525.3906,1.50E+01
1525.8789,1.00E+01
1526.3672,2.00E+01
1526.8555,1.70E+01
1527.3438,1.60E+01
1527.832,1.50E+01
1528.32,1.70E+01
1528.8086,1.30E+01
1529.2969,1.20E+01
1529.7852,2.20E+01
1530.2734,1.50E+01
1530.7617,2.40E+01
1531.25,1.40E+01
1531.7383,1.80E+01
1532.2266,1.70E+01
1532.7148,1.00E+01
1533.2031,2.30E+01
1533.6914,9.00E+00
1534.18,1.70E+01
1534.668,2.20E+01
1535.1563,2.30E+01
1535.6445,1.10E+01
1536.1328,8.00E+00
1536.6211,2.30E+01
1537.1094,1.80E+01
1537.5977,1.40E+01
1538.0859,1.80E+01
1538.5742,1.90E+01
1539.0625,1.70E+01
1539.5508,1.60E+01
1540.0391,1.80E+01
1540.5273,2.10E+01
1541.0156,1.40E+01
1541.5039,1.60E+01
1541.9922,9.00E+00
1542.48,2.70E+01
1542.9688,1.30E+01
1543.457,2.40E+01
1543.9453,2.10E+01
1544.4336,1.50E+01
1544.9219,7.00E+00
1545.41,2.20E+01
1545.8984,1.40E+01
1546.3867,1.50E+01
1546.875,1.10E+01
1547.3633,1.50E+01
1547.8516,1.70E+01
1548.34,1.50E+01
1548.8281,2.10E+01
1549.3164,1.50E+01
1549.8047,1.90E+01
1550.293,2.10E+01
1550.7813,1.40E+01
1551.27,1.50E+01
1551.7578,2.20E+01
1552.2461,2.30E+01
1552.7344,1.60E+01
1553.2227,2.60E+01
1553.7109,1.80E+01
1554.1992,1.90E+01
1554.6875,1.60E+01
1555.1758,1.80E+01
1555.6641,2.10E+01
1556.1523,2.10E+01
1556.6406,1.50E+01
1557.1289,1.10E+01
1557.6172,2.00E+01
1558.1055,1.10E+01
1558.5938,1.60E+01
1559.082,2.10E+01
1559.57,1.40E+01
1560.0586,1.40E+01
1560.5469,2.20E+01
1561.0352,9.00E+00
1561.5234,1.90E+01
1562.0117,2.20E+01
1562.5,1.80E+01
1562.9883,1.40E+01
1563.4766,1.20E+01
1563.9648,2.10E+01
1564.4531,1.70E+01
1564.9414,2.20E+01
1565.43,1.20E+01
1565.918,1.80E+01
1566.4063,1.40E+01
1566.8945,1.60E+01
1567.3828,1.20E+01
1567.8711,1.80E+01
1568.3594,2.60E+01
1568.8477,2.10E+01
1569.3359,1.70E+01
1569.8242,2.30E+01
1570.3125,1.30E+01
1570.8008,1.60E+01
1571.2891,1.40E+01
1571.7773,1.60E+01
1572.2656,1.40E+01
1572.7539,1.50E+01
1573.2422,1.80E+01
1573.73,1.90E+01
1574.2188,1.50E+01
1574.707,1.90E+01
1575.1953,2.00E+01
1575.6836,1.10E+01
1576.1719,2.40E+01
1576.66,1.70E+01
1577.1484,1.60E+01
1577.6367,1.50E+01
1578.125,2.10E+01
1578.6133,2.00E+01
1579.1016,1.90E+01
1579.59,1.20E+01
1580.0781,1.50E+01
1580.5664,2.00E+01
1581.0547,1.60E+01
1581.543,1.40E+01
1582.0313,1.10E+01
1582.52,1.50E+01
1583.0078,2.70E+01
1583.4961,2.90E+01
1583.9844,1.50E+01
1584.4727,1.80E+01
1584.9609,1.20E+01
1585.4492,2.20E+01
1585.9375,1.70E+01
1586.4258,2.10E+01
1586.9141,2.00E+01
1587.4023,2.10E+01
1587.8906,2.10E+01
1588.3789,1.10E+01
1588.8672,1.30E+01
1589.3555,1.80E+01
1589.8438,1.70E+01
1590.332,2.00E+01
1590.82,1.60E+01
1591.3086,1.80E+01
1591.7969,1.70E+01
1592.2852,1.40E+01
1592.7734,2.40E+01
1593.2617,2.00E+01
1593.75,2.20E+01
1594.2383,1.40E+01
1594.7266,1.10E+01
1595.2148,1.70E+01
1595.7031,1.20E+01
1596.1914,1.60E+01
1596.68,1.20E+01
1597.168,1.20E+01
1597.6563,1.70E+01
1598.1445,1.90E+01
1598.6328,1.10E+01
1599.1211,1.50E+01
1599.6094,1.70E+01
1600.0977,1.90E+01
1600.5859,1.40E+01
1601.0742,2.00E+01
1601.5625,1.80E+01
1602.0508,1.20E+01
1602.5391,1.30E+01
1603.0273,1.40E+01
1603.5156,1.70E+01
1604.0039,1.70E+01
1604.4922,1.80E+01
1604.98,1.60E+01
1605.4688,1.70E+01
1605.957,1.50E+01
1606.4453,1.20E+01
1606.9336,1.60E+01
1607.4219,2.60E+01
1607.91,1.70E+01
1608.3984,1.50E+01
1608.8867,1.60E+01
1609.375,2.10E+01
1609.8633,9.00E+00
1610.3516,8.00E+00
1610.84,2.00E+01
1611.3281,2.70E+01
1611.8164,1.70E+01
1612.3047,1.20E+01
1612.793,1.70E+01
1613.2813,1.10E+01
1613.77,1.50E+01
1614.2578,1.60E+01
1614.7461,1.80E+01
1615.2344,1.80E+01
1615.7227,1.70E+01
1616.2109,1.20E+01
1616.6992,2.20E+01
1617.1875,1.20E+01
1617.6758,1.20E+01
1618.1641,1.10E+01
1618.6523,1.10E+01
1619.1406,1.30E+01
1619.6289,1.40E+01
1620.1172,1.70E+01
1620.6055,1.70E+01
1621.0938,2.40E+01
1621.582,2.00E+01
1622.07,1.90E+01
1622.5586,1.60E+01
1623.0469,2.30E+01
1623.5352,1.50E+01
1624.0234,2.10E+01
1624.5117,2.00E+01
1625,1.70E+01
1625.4883,2.50E+01
1625.9766,1.50E+01
1626.4648,2.40E+01
1626.9531,1.30E+01
1627.4414,2.10E+01
1627.93,1.40E+01
1628.418,2.00E+01
1628.9063,1.40E+01
1629.3945,1.90E+01
1629.8828,1.80E+01
1630.3711,1.60E+01
1630.8594,1.40E+01
1631.3477,1.40E+01
1631.8359,2.20E+01
1632.3242,2.10E+01
1632.8125,1.80E+01
1633.3008,1.20E+01
1633.7891,1.70E+01
1634.2773,2.20E+01
1634.7656,1.60E+01
1635.2539,1.70E+01
1635.7422,1.60E+01
1636.23,2.00E+01
1636.7188,1.60E+01
1637.207,8.00E+00
1637.6953,1.50E+01
1638.1836,1.40E+01
1638.6719,1.80E+01
1639.16,1.30E+01
1639.6484,1.40E+01
1640.1367,1.70E+01
1640.625,1.30E+01
1641.1133,1.30E+01
1641.6016,1.40E+01
1642.09,1.90E+01
1642.5781,1.60E+01
1643.0664,1.10E+01
1643.5547,1.70E+01
1644.043,1.40E+01
1644.5313,1.40E+01
1645.02,1.90E+01
1645.5078,2.20E+01
1645.9961,2.60E+01
1646.4844,2.30E+01
1646.9727,1.80E+01
1647.4609,2.50E+01
1647.9492,1.20E+01
1648.4375,1.50E+01
1648.9258,1.40E+01
1649.4141,2.70E+01
1649.9023,2.30E+01
1650.3906,1.40E+01
1650.8789,1.50E+01
1651.3672,1.30E+01
1651.8555,3.10E+01
1652.3438,1.40E+01
1652.832,2.10E+01
1653.32,1.60E+01
1653.8086,1.50E+01
1654.2969,2.40E+01
1654.7852,2.20E+01
1655.2734,1.70E+01
1655.7617,1.80E+01
1656.25,1.70E+01
1656.7383,2.30E+01
1657.2266,1.80E+01
1657.7148,1.70E+01
1658.2031,1.60E+01
1658.6914,1.40E+01
1659.18,1.90E+01
1659.668,1.20E+01
1660.1563,1.60E+01
1660.6445,1.90E+01
1661.1328,1.60E+01
1661.6211,9.00E+00
1662.1094,1.80E+01
1662.5977,2.00E+01
1663.0859,1.50E+01
1663.5742,1.60E+01
1664.0625,2.30E+01
1664.5508,1.30E+01
1665.0391,1.40E+01
1665.5273,2.10E+01
1666.0156,2.70E+01
1666.5039,1.80E+01
1666.9922,2.30E+01
1667.48,1.30E+01
1667.9688,2.10E+01
1668.457,1.50E+01
1668.9453,1.30E+01
1669.4336,1.20E+01
1669.9219,1.10E+01
1670.41,1.90E+01
1670.8984,1.90E+01
1671.3867,1.90E+01
1671.875,2.80E+01
1672.3633,1.10E+01
1672.8516,1.60E+01
1673.34,8.00E+00
1673.8281,1.50E+01
1674.3164,1.70E+01
1674.8047,9.00E+00
1675.293,1.70E+01
1675.7813,2.40E+01
1676.27,1.30E+01
1676.7578,1.40E+01
1677.2461,1.80E+01
1677.7344,1.40E+01
1678.2227,1.60E+01
1678.7109,2.40E+01
1679.1992,2.00E+01
1679.6875,2.10E+01
1680.1758,8.00E+00
1680.6641,1.00E+01
1681.1523,1.70E+01
1681.6406,1.80E+01
1682.1289,1.50E+01
1682.6172,1.70E+01
1683.1055,1.30E+01
1683.5938,1.60E+01
1684.082,2.70E+01
1684.57,1.40E+01
1685.0586,1.40E+01
1685.5469,1.60E+01
1686.0352,2.20E+01
1686.5234,2.50E+01
1687.0117,2.50E+01
1687.5,1.50E+01
1687.9883,1.10E+01
1688.4766,1.70E+01
1688.9648,1.70E+01
1689.4531,1.60E+01
1689.9414,1.60E+01
1690.43,1.10E+01
1690.918,1.20E+01
1691.4063,1.70E+01
1691.8945,1.50E+01
1692.3828,1.70E+01
1692.8711,2.00E+01
1693.3594,1.80E+01
1693.8477,1.30E+01
1694.3359,1.20E+01
1694.8242,1.50E+01
1695.3125,1.80E+01
1695.8008,1.60E+01
1696.2891,1.70E+01
1696.7773,1.80E+01
1697.2656,1.40E+01
1697.7539,1.30E+01
1698.2422,1.20E+01
1698.73,1.30E+01
1699.2188,1.70E+01
1699.707,1.90E+01
1700.1953,1.90E+01
1700.6836,1.40E+01
1701.1719,1.40E+01
1701.66,1.20E+01
1702.1484,1.60E+01
1702.6367,2.50E+01
1703.125,2.30E+01
1703.6133,1.70E+01
1704.1016,1.90E+01
1704.59,2.00E+01
1705.0781,1.60E+01
1705.5664,1.30E+01
1706.0547,2.30E+01
1706.543,1.30E+01
1707.0313,1.90E+01
1707.52,1.30E+01
1708.0078,1.90E+01
1708.4961,2.10E+01
1708.9844,1.80E+01
1709.4727,1.20E+01
1709.9609,1.60E+01
1710.4492,1.40E+01
1710.9375,1.10E+01
1711.4258,1.70E+01
1711.9141,1.50E+01
1712.4023,1.70E+01
1712.8906,1.10E+01
1713.3789,1.70E+01
1713.8672,1.00E+01
1714.3555,2.00E+01
1714.8438,2.40E+01
1715.332,1.60E+01
1715.82,1.80E+01
1716.3086,1.50E+01
1716.7969,1.40E+01
1717.2852,9.00E+00
1717.7734,1.80E+01
1718.2617,1.30E+01
1718.75,1.40E+01
1719.2383,1.40E+01
1719.7266,2.00E+01
1720.2148,1.30E+01
1720.7031,2.00E+01
1721.1914,1.50E+01
1721.68,1.10E+01
1722.168,2.00E+01
1722.6563,1.20E+01
1723.1445,1.90E+01
1723.6328,1.80E+01
1724.1211,2.10E+01
1724.6094,2.30E+01
1725.0977,1.60E+01
1725.5859,2.10E+01
1726.0742,1.70E+01
1726.5625,1.70E+01
1727.0508,1.80E+01
1727.5391,1.40E+01
1728.0273,1.50E+01
1728.5156,2.20E+01
1729.0039,2.30E+01
1729.4922,9.00E+00
1729.98,1.10E+01
1730.4688,1.00E+01
1730.957,1.40E+01
1731.4453,1.80E+01
1731.9336,1.90E+01
1732.4219,9.00E+00
1732.91,2.40E+01
1733.3984,1.30E+01
1733.8867,1.60E+01
1734.375,1.60E+01
1734.8633,1.40E+01
1735.3516,1.30E+01
1735.84,2.00E+01
1736.3281,1.70E+01
1736.8164,1.50E+01
1737.3047,2.00E+01
1737.793,2.40E+01
1738.2813,2.40E+01
1738.77,1.20E+01
1739.2578,1.90E+01
1739.7461,1.00E+01
1740.2344,1.80E+01
1740.7227,2.10E+01
1741.2109,1.90E+01
1741.6992,1.80E+01
1742.1875,2.10E+01
1742.6758,1.90E+01
1743.1641,1.50E+01
1743.6523,1.30E+01
1744.1406,1.40E+01
1744.6289,1.90E+01
1745.1172,1.50E+01
1745.6055,1.40E+01
1746.0938,2.10E+01
1746.582,1.30E+01
1747.07,2.40E+01
1747.5586,1.70E+01
1748.0469,1.40E+01
1748.5352,2.40E+01
1749.0234,1.30E+01
1749.5117,1.70E+01
1750,1.70E+01
1750.4883,1.80E+01
1750.9766,2.10E+01
1751.4648,1.60E+01
1751.9531,1.40E+01
1752.4414,1.60E+01
1752.93,1.90E+01
1753.418,1.90E+01
1753.9063,1.60E+01
1754.3945,1.60E+01
1754.8828,1.30E+01
1755.3711,1.20E+01
1755.8594,1.90E+01
1756.3477,1.20E+01
1756.8359,1.90E+01
1757.3242,2.40E+01
1757.8125,1.80E+01
1758.3008,1.50E+01
1758.7891,1.70E+01
1759.2773,1.20E+01
1759.7656,1.60E+01
1760.2539,1.90E+01
1760.7422,1.50E+01
1761.23,1.40E+01
1761.7188,1.00E+01
1762.207,1.40E+01
1762.6953,1.80E+01
1763.1836,1.60E+01
1763.6719,1.40E+01
1764.16,1.80E+01
1764.6484,1.50E+01
1765.1367,1.70E+01
1765.625,1.20E+01
1766.1133,1.90E+01
1766.6016,1.20E+01
1767.09,1.50E+01
1767.5781,2.10E+01
1768.0664,1.60E+01
1768.5547,2.00E+01
1769.043,1.50E+01
1769.5313,2.30E+01
1770.02,2.00E+01
1770.5078,1.60E+01
1770.9961,2.30E+01
1771.4844,1.80E+01
1771.9727,3.00E+01
1772.4609,1.60E+01
1772.9492,1.60E+01
1773.4375,1.80E+01
1773.9258,2.00E+01
1774.4141,1.40E+01
1774.9023,1.70E+01
1775.3906,1.20E+01
1775.8789,1.90E+01
1776.3672,1.20E+01
1776.8555,1.20E+01
1777.3438,2.00E+01
1777.832,1.30E+01
1778.32,1.50E+01
1778.8086,1.40E+01
1779.2969,2.00E+01
1779.7852,2.00E+01
1780.2734,1.30E+01
1780.7617,1.70E+01
1781.25,1.70E+01
1781.7383,1.30E+01
1782.2266,1.30E+01
1782.7148,1.60E+01
1783.2031,1.30E+01
1783.6914,1.60E+01
1784.18,1.20E+01
1784.668,1.90E+01
1785.1563,1.30E+01
1785.6445,1.50E+01
1786.1328,1.90E+01
1786.6211,1.30E+01
1787.1094,1.90E+01
1787.5977,1.80E+01
1788.0859,2.30E+01
1788.5742,1.70E+01
1789.0625,1.50E+01
1789.5508,9.00E+00
1790.0391,2.00E+01
1790.5273,1.10E+01
1791.0156,1.50E+01
1791.5039,1.40E+01
1791.9922,1.70E+01
1792.48,1.40E+01
1792.9688,1.70E+01
1793.457,2.30E+01
1793.9453,1.50E+01
1794.4336,1.60E+01
1794.9219,2.20E+01
1795.41,2.10E+01
1795.8984,1.90E+01
1796.3867,2.10E+01
1796.875,1.30E+01
1797.3633,1.80E+01
1797.8516,2.60E+01
1798.34,2.00E+01
1798.8281,1.90E+01
1799.3164,1.60E+01
1799.8047,1.20E+01
1800.293,1.30E+01
1800.7813,2.30E+01
1801.27,1.60E+01
1801.7578,1.20E+01
1802.2461,1.30E+01
1802.7344,2.10E+01
1803.2227,1.90E+01
1803.7109,1.30E+01
1804.1992,9.00E+00
1804.6875,1.70E+01
1805.1758,1.10E+01
1805.6641,1.70E+01
1806.1523,1.30E+01
1806.6406,1.30E+01
1807.1289,1.80E+01
1807.6172,2.10E+01
1808.1055,1.50E+01
1808.5938,1.80E+01
1809.082,5.00E+00
1809.57,1.70E+01
1810.0586,1.90E+01
1810.5469,1.60E+01
1811.0352,1.50E+01
1811.5234,1.30E+01
1812.0117,1.10E+01
1812.5,1.20E+01
1812.9883,1.70E+01
1813.4766,1.70E+01
1813.9648,1.50E+01
1814.4531,1.60E+01
1814.9414,2.20E+01
1815.43,1.60E+01
1815.918,2.20E+01
1816.4063,2.00E+01
1816.8945,1.90E+01
1817.3828,1.60E+01
1817.8711,2.40E+01
1818.3594,1.30E+01
1818.8477,1.70E+01
1819.3359,1.00E+01
1819.8242,1.30E+01
1820.3125,1.30E+01
1820.8008,1.60E+01
1821.2891,1.80E+01
1821.7773,1.20E+01
1822.2656,2.40E+01
1822.7539,1.70E+01
1823.2422,1.60E+01
1823.73,1.90E+01
1824.2188,1.20E+01
1824.707,1.40E+01
1825.1953,1.80E+01
1825.6836,8.00E+00
1826.1719,1.50E+01
1826.66,1.20E+01
1827.1484,1.50E+01
1827.6367,1.40E+01
1828.125,1.60E+01
1828.6133,1.70E+01
1829.1016,1.60E+01
1829.59,1.20E+01
1830.0781,1.30E+01
1830.5664,2.60E+01
1831.0547,1.20E+01
1831.543,1.00E+01
1832.0313,2.30E+01
1832.52,9.00E+00
1833.0078,2.00E+01
1833.4961,1.30E+01
1833.9844,1.10E+01
1834.4727,9.00E+00
1834.9609,1.10E+01
1835.4492,1.90E+01
1835.9375,1.70E+01
1836.4258,2.00E+01
1836.9141,1.60E+01
1837.4023,1.30E+01
1837.8906,2.00E+01
1838.3789,2.00E+01
1838.8672,2.00E+01
1839.3555,1.70E+01
1839.8438,2.20E+01
1840.332,1.70E+01
1840.82,1.10E+01
1841.3086,1.50E+01
1841.7969,1.60E+01
1842.2852,1.20E+01
1842.7734,2.60E+01
1843.2617,1.00E+01
1843.75,1.70E+01
1844.2383,1.20E+01
1844.7266,1.30E+01
1845.2148,1.80E+01
1845.7031,1.90E+01
1846.1914,1.30E+01
1846.68,1.20E+01
1847.168,1.90E+01
1847.6563,1.70E+01
1848.1445,1.00E+01
1848.6328,1.60E+01
1849.1211,1.70E+01
1849.6094,1.60E+01
1850.0977,1.20E+01
1850.5859,2.00E+01
1851.0742,1.90E+01
1851.5625,1.10E+01
1852.0508,1.50E+01
1852.5391,1.10E+01
1853.0273,1.80E+01
1853.5156,1.90E+01
1854.0039,1.50E+01
1854.4922,1.00E+01
1854.98,1.40E+01
1855.4688,1.20E+01
1855.957,1.40E+01
1856.4453,2.10E+01
1856.9336,2.00E+01
1857.4219,1.50E+01
1857.91,1.80E+01
1858.3984,1.70E+01
1858.8867,1.60E+01
1859.375,1.80E+01
1859.8633,1.50E+01
1860.3516,1.50E+01
1860.84,1.80E+01
1861.3281,1.60E+01
1861.8164,1.10E+01
1862.3047,1.40E+01
1862.793,2.10E+01
1863.2813,1.40E+01
1863.77,1.60E+01
1864.2578,2.10E+01
1864.7461,2.00E+01
1865.2344,1.30E+01
1865.7227,2.00E+01
1866.2109,1.00E+01
1866.6992,1.80E+01
1867.1875,1.60E+01
1867.6758,1.30E+01
1868.1641,1.40E+01
1868.6523,1.70E+01
1869.1406,9.00E+00
1869.6289,1.70E+01
1870.1172,1.70E+01
1870.6055,1.20E+01
1871.0938,1.50E+01
1871.582,1.50E+01
1872.07,1.80E+01
1872.5586,1.70E+01
1873.0469,1.90E+01
1873.5352,1.90E+01
1874.0234,1.20E+01
1874.5117,1.00E+01
1875,1.50E+01
1875.4883,1.40E+01
1875.9766,1.10E+01
1876.4648,2.00E+01
1876.9531,1.50E+01
1877.4414,1.10E+01
1877.93,1.90E+01
1878.418,1.20E+01
1878.9063,1.60E+01
1879.3945,1.70E+01
1879.8828,1.70E+01
1880.3711,1.90E+01
1880.8594,9.00E+00
1881.3477,1.10E+01
1881.8359,1.30E+01
1882.3242,2.30E+01
1882.8125,1.40E+01
1883.3008,1.00E+01
1883.7891,2.00E+01
1884.2773,7.00E+00
1884.7656,1.80E+01
1885.2539,1.80E+01
1885.7422,2.30E+01
1886.23,1.50E+01
1886.7188,1.60E+01
1887.207,1.50E+01
1887.6953,1.10E+01
1888.1836,1.50E+01
1888.6719,1.40E+01
1889.16,1.00E+01
1889.6484,1.20E+01
1890.1367,2.10E+01
1890.625,1.40E+01
1891.1133,1.80E+01
1891.6016,1.60E+01
1892.09,1.60E+01
1892.5781,2.30E+01
1893.0664,2.90E+01
1893.5547,2.00E+01
1894.043,1.40E+01
1894.5313,1.50E+01
1895.02,1.50E+01
1895.5078,2.30E+01
1895.9961,1.00E+01
1896.4844,1.70E+01
1896.9727,2.70E+01
1897.4609,1.90E+01
1897.9492,1.60E+01
1898.4375,1.60E+01
1898.9258,1.70E+01
1899.4141,2.00E+01
1899.9023,1.20E+01
1900.3906,1.70E+01
1900.8789,1.80E+01
1901.3672,2.10E+01
1901.8555,1.60E+01
1902.3438,2.10E+01
1902.832,9.00E+00
1903.32,1.90E+01
1903.8086,1.50E+01
1904.2969,1.20E+01
1904.7852,2.00E+01
1905.2734,1.70E+01
1905.7617,1.60E+01
1906.25,1.10E+01
1906.7383,1.30E+01
1907.2266,2.40E+01
1907.7148,1.70E+01
1908.2031,1.40E+01
1908.6914,2.10E+01
1909.18,1.00E+01
1909.668,2.10E+01
1910.1563,1.10E+01
1910.6445,1.10E+01
1911.1328,1.50E+01
1911.6211,1.60E+01
1912.1094,1.00E+01
1912.5977,1.50E+01
1913.0859,2.10E+01
1913.5742,1.00E+01
1914.0625,1.00E+01
1914.5508,1.80E+01
1915.0391,1.50E+01
1915.5273,2.00E+01
1916.0156,1.80E+01
1916.5039,1.10E+01
1916.9922,1.80E+01
1917.48,1.40E+01
1917.9688,1.40E+01
1918.457,1.80E+01
1918.9453,1.80E+01
1919.4336,1.50E+01
1919.9219,1.20E+01
1920.41,1.40E+01
1920.8984,1.70E+01
1921.3867,1.40E+01
1921.875,1.60E+01
1922.3633,1.60E+01
1922.8516,1.80E+01
1923.34,1.50E+01
1923.8281,1.10E+01
1924.3164,1.30E+01
1924.8047,1.00E+01
1925.293,2.40E+01
1925.7813,1.40E+01
1926.27,1.80E+01
1926.7578,1.20E+01
1927.2461,1.50E+01
1927.7344,1.10E+01
1928.2227,1.40E+01
1928.7109,2.40E+01
1929.1992,1.70E+01
1929.6875,2.10E+01
1930.1758,1.90E+01
1930.6641,1.50E+01
1931.1523,2.10E+01
1931.6406,8.00E+00
1932.1289,1.30E+01
1932.6172,1.60E+01
1933.1055,9.00E+00
1933.5938,1.40E+01
1934.082,1.60E+01
1934.57,1.10E+01
1935.0586,1.30E+01
1935.5469,1.40E+01
1936.0352,2.30E+01
1936.5234,1.00E+01
1937.0117,8.00E+00
1937.5,1.20E+01
1937.9883,1.80E+01
1938.4766,1.20E+01
1938.9648,1.20E+01
1939.4531,1.10E+01
1939.9414,1.70E+01
1940.43,2.10E+01
1940.918,1.40E+01
1941.4063,4.00E+00
1941.8945,1.60E+01
1942.3828,2.20E+01
1942.8711,1.70E+01
1943.3594,2.20E+01
1943.8477,2.10E+01
1944.3359,1.70E+01
1944.8242,8.00E+00
1945.3125,1.80E+01
1945.8008,1.50E+01
1946.2891,1.20E+01
1946.7773,1.80E+01
1947.2656,1.40E+01
1947.7539,1.90E+01
1948.2422,1.10E+01
1948.73,1.70E+01
1949.2188,1.80E+01
1949.707,1.10E+01
1950.1953,1.10E+01
1950.6836,2.00E+01
1951.1719,2.00E+01
1951.66,1.00E+01
1952.1484,1.60E+01
1952.6367,1.40E+01
1953.125,1.40E+01
1953.6133,1.10E+01
1954.1016,1.50E+01
1954.59,1.30E+01
1955.0781,1.20E+01
1955.5664,1.60E+01
1956.0547,1.90E+01
1956.543,2.40E+01
1957.0313,1.30E+01
1957.52,1.50E+01
1958.0078,1.30E+01
1958.4961,1.40E+01
1958.9844,1.90E+01
1959.4727,1.70E+01
1959.9609,1.70E+01
1960.4492,1.60E+01
1960.9375,1.40E+01
1961.4258,1.80E+01
1961.9141,1.20E+01
1962.4023,1.40E+01
1962.8906,1.70E+01
1963.3789,1.30E+01
1963.8672,8.00E+00
1964.3555,2.30E+01
1964.8438,1.80E+01
1965.332,1.20E+01
1965.82,2.10E+01
1966.3086,1.20E+01
1966.7969,1.80E+01
1967.2852,1.90E+01
1967.7734,1.60E+01
1968.2617,1.00E+01
1968.75,1.70E+01
1969.2383,2.10E+01
1969.7266,1.20E+01
1970.2148,1.20E+01
1970.7031,5.00E+00
1971.1914,1.40E+01
1971.68,1.40E+01
1972.168,1.70E+01
1972.6563,1.60E+01
1973.1445,1.60E+01
1973.6328,1.40E+01
1974.1211,1.80E+01
1974.6094,2.00E+01
1975.0977,1.30E+01
1975.5859,1.40E+01
1976.0742,1.20E+01
1976.5625,1.40E+01
1977.0508,1.00E+01
1977.5391,1.10E+01
1978.0273,1.20E+01
1978.5156,1.30E+01
1979.0039,7.00E+00
1979.4922,2.00E+01
1979.98,1.30E+01
1980.4688,1.30E+01
1980.957,1.40E+01
1981.4453,1.60E+01
1981.9336,6.00E+00
1982.4219,2.00E+01
1982.91,1.60E+01
1983.3984,1.50E+01
1983.8867,1.70E+01
1984.375,1.70E+01
1984.8633,1.80E+01
1985.3516,7.00E+00
1985.84,1.70E+01
1986.3281,2.30E+01
1986.8164,1.40E+01
1987.3047,1.50E+01
1987.793,1.40E+01
1988.2813,1.20E+01
1988.77,1.60E+01
1989.2578,8.00E+00
1989.7461,1.80E+01
1990.2344,1.30E+01
1990.7227,1.20E+01
1991.2109,1.20E+01
1991.6992,1.30E+01
1992.1875,9.00E+00
1992.6758,1.40E+01
1993.1641,1.80E+01
1993.6523,1.70E+01
1994.1406,1.60E+01
1994.6289,2.10E+01
1995.1172,6.00E+00
1995.6055,1.50E+01
1996.0938,1.20E+01
1996.582,1.10E+01
1997.07,1.10E+01
1997.5586,1.00E+01
1998.0469,1.40E+01
1998.5352,1.90E+01
1999.0234,1.40E+01
1999.5117,1.30E+01
,
,
,
,
,
,
,
,
,
,
