Time (ns),Counts
0,0
0.128,4
0.256,1
0.384,0
0.512,0
0.64,2
0.768,2
0.896,3
1.024,1
1.152,1
1.28,4
1.408,2
1.536,1
1.664,0
1.792,0
1.92,2
2.048,3
2.176,4
2.304,1
2.432,2
2.56,1
2.688,3
2.816,1
2.944,2
3.072,3
3.2,3
3.328,1
3.456,2
3.584,3
3.712,4
3.84,1
3.968,2
4.096,1
4.224,3
4.352,4
4.48,3
4.608,5
4.736,0
4.864,1
4.992,4
5.12,5
5.248,1
5.376,0
5.504,3
5.632,3
5.76,2
5.888,1
6.016,2
6.144,2
6.272,1
6.4,3
6.528,2
6.656,1
6.784,3
6.912,2
7.04,3
7.168,3
7.296,2
7.424,0
7.552,0
7.68,2
7.808,3
7.936,1
8.064,3
8.192,0
8.32,7
8.448,3
8.576,2
8.704,1
8.832,1
8.96,1
9.088,2
9.216,1
9.344,2
9.472,0
9.6,2
9.728,2
9.856,4
9.984,5
10.112,3
10.24,0
10.368,2
10.496,2
10.624,6
10.752,2
10.88,1
11.008,0
11.136,2
11.264,3
11.392,0
11.52,0
11.648,4
11.776,3
11.904,0
12.032,3
12.16,3
12.288,2
12.416,3
12.544,3
12.672,2
12.8,5
12.928,2
13.056,2
13.184,4
13.312,3
13.44,3
13.568,3
13.696,5
13.824,2
13.952,4
14.08,2
14.208,2
14.336,0
14.464,3
14.592,0
14.72,0
14.848,4
14.976,4
15.104,2
15.232,0
15.36,1
15.488,3
15.616,3
15.744,1
15.872,0
16,1
16.128,3
16.256,4
16.384,2
16.512,1
16.64,2
16.768,1
16.896,1
17.024,2
17.152,2
17.28,4
17.408,3
17.536,3
17.664,1
17.792,1
17.92,4
18.048,3
18.176,2
18.304,2
18.432,2
18.56,2
18.688,1
18.816,2
18.944,2
19.072,0
19.2,1
19.328,1
19.456,0
19.584,0
19.712,2
19.84,1
19.968,1
20.096,4
20.224,0
20.352,3
20.48,0
20.608,1
20.736,3
20.864,1
20.992,3
21.12,1
21.248,1
21.376,6
21.504,1
21.632,4
21.76,2
21.888,1
22.016,2
22.144,1
22.272,3
22.4,3
22.528,0
22.656,1
22.784,1
22.912,1
23.04,2
23.168,3
23.296,4
23.424,4
23.552,2
23.68,3
23.808,3
23.936,3
24.064,1
24.192,1
24.32,1
24.448,4
24.576,3
24.704,3
24.832,1
24.96,0
25.088,1
25.216,2
25.344,0
25.472,1
25.6,1
25.728,3
25.856,1
25.984,4
26.112,1
26.24,8
26.368,1
26.496,1
26.624,3
26.752,0
26.88,3
27.008,2
27.136,3
27.264,1
27.392,2
27.52,1
27.648,2
27.776,0
27.904,1
28.032,1
28.16,1
28.288,1
28.416,2
28.544,2
28.672,0
28.8,1
28.928,4
29.056,5
29.184,1
29.312,0
29.44,5
29.568,2
29.696,2
29.824,5
29.952,3
30.08,1
30.208,0
30.336,4
30.464,2
30.592,2
30.72,1
30.848,8
30.976,15
31.104,10
31.232,29
31.36,43
31.488,96
31.616,119
31.744,148
31.872,195
32,178
32.128,216
32.256,235
32.384,242
32.512,256
32.64,264
32.768,248
32.896,257
33.024,246
33.152,235
33.28,221
33.408,222
33.536,227
33.664,273
33.792,247
33.92,254
34.048,251
34.176,231
34.304,221
34.432,214
34.56,239
34.688,201
34.816,224
34.944,215
35.072,247
35.2,216
35.328,196
35.456,229
35.584,211
35.712,220
35.84,197
35.968,204
36.096,216
36.224,209
36.352,221
36.48,210
36.608,178
36.736,203
36.864,216
36.992,217
37.12,198
37.248,202
37.376,207
37.504,223
37.632,198
37.76,183
37.888,218
38.016,214
38.144,182
38.272,215
38.4,195
38.528,179
38.656,202
38.784,196
38.912,213
39.04,197
39.168,184
39.296,184
39.424,175
39.552,195
39.68,200
39.808,197
39.936,176
40.064,159
40.192,188
40.32,181
40.448,171
40.576,193
40.704,165
40.832,145
40.96,166
41.088,203
41.216,173
41.344,161
41.472,176
41.6,183
41.728,178
41.856,177
41.984,164
42.112,169
42.24,175
42.368,196
42.496,169
42.624,174
42.752,151
42.88,215
43.008,149
43.136,194
43.264,182
43.392,164
43.52,168
43.648,179
43.776,142
43.904,164
44.032,156
44.16,180
44.288,164
44.416,150
44.544,147
44.672,151
44.8,181
44.928,168
45.056,153
45.184,170
45.312,166
45.44,163
45.568,157
45.696,162
45.824,157
45.952,143
46.08,153
46.208,169
46.336,154
46.464,186
46.592,154
46.72,156
46.848,161
46.976,168
47.104,153
47.232,156
47.36,152
47.488,141
47.616,151
47.744,164
47.872,168
48,172
48.128,178
48.256,163
48.384,156
48.512,172
48.64,160
48.768,136
48.896,172
49.024,148
49.152,160
49.28,128
49.408,143
49.536,147
49.664,134
49.792,159
49.92,149
50.048,156
50.176,144
50.304,148
50.432,151
50.56,149
50.688,145
50.816,140
50.944,125
51.072,131
51.2,149
51.328,148
51.456,160
51.584,140
51.712,143
51.84,126
51.968,167
52.096,142
52.224,152
52.352,164
52.48,139
52.608,139
52.736,137
52.864,135
52.992,137
53.12,166
53.248,125
53.376,150
53.504,168
53.632,157
53.76,139
53.888,124
54.016,150
54.144,157
54.272,128
54.4,143
54.528,130
54.656,145
54.784,143
54.912,129
55.04,149
55.168,117
55.296,141
55.424,136
55.552,137
55.68,143
55.808,146
55.936,134
56.064,142
56.192,144
56.32,138
56.448,136
56.576,139
56.704,124
56.832,137
56.96,123
57.088,167
57.216,143
57.344,122
57.472,142
57.6,131
57.728,146
57.856,136
57.984,132
58.112,137
58.24,122
58.368,148
58.496,121
58.624,128
58.752,128
58.88,115
59.008,119
59.136,144
59.264,119
59.392,129
59.52,139
59.648,133
59.776,142
59.904,139
60.032,129
60.16,120
60.288,135
60.416,111
60.544,133
60.672,97
60.8,111
60.928,129
61.056,139
61.184,127
61.312,129
61.44,133
61.568,127
61.696,134
61.824,135
61.952,133
62.08,125
62.208,124
62.336,106
62.464,148
62.592,141
62.72,119
62.848,137
62.976,139
63.104,115
63.232,110
63.36,118
63.488,128
63.616,101
63.744,111
63.872,131
64,119
64.128,113
64.256,120
64.384,125
64.512,121
64.64,115
64.768,120
64.896,124
65.024,107
65.152,101
65.28,105
65.408,118
65.536,111
65.664,115
65.792,122
65.92,108
66.048,116
66.176,109
66.304,112
66.432,113
66.56,106
66.688,111
66.816,133
66.944,110
67.072,126
67.2,121
67.328,110
67.456,117
67.584,115
67.712,102
67.84,113
67.968,104
68.096,108
68.224,115
68.352,115
68.48,125
68.608,107
68.736,114
68.864,116
68.992,115
69.12,112
69.248,104
69.376,113
69.504,106
69.632,108
69.76,99
69.888,107
70.016,116
70.144,98
70.272,96
70.4,108
70.528,110
70.656,111
70.784,102
70.912,105
71.04,103
71.168,100
71.296,106
71.424,103
71.552,103
71.68,113
71.808,97
71.936,106
72.064,116
72.192,97
72.32,107
72.448,104
72.576,120
72.704,107
72.832,97
72.96,131
73.088,102
73.216,121
73.344,112
73.472,103
73.6,114
73.728,85
73.856,101
73.984,103
74.112,103
74.24,101
74.368,132
74.496,98
74.624,108
74.752,105
74.88,83
75.008,99
75.136,100
75.264,108
75.392,101
75.52,92
75.648,95
75.776,96
75.904,85
76.032,100
76.16,120
76.288,77
76.416,97
76.544,90
76.672,119
76.8,105
76.928,106
77.056,99
77.184,89
77.312,102
77.44,100
77.568,107
77.696,100
77.824,95
77.952,98
78.08,110
78.208,111
78.336,121
78.464,109
78.592,91
78.72,103
78.848,106
78.976,107
79.104,92
79.232,105
79.36,96
79.488,102
79.616,113
79.744,99
79.872,107
80,90
80.128,106
80.256,92
80.384,97
80.512,104
80.64,99
80.768,110
80.896,94
81.024,93
81.152,93
81.28,104
81.408,96
81.536,97
81.664,107
81.792,101
81.92,90
82.048,93
82.176,93
82.304,99
82.432,100
82.56,104
82.688,77
82.816,99
82.944,89
83.072,87
83.2,97
83.328,100
83.456,101
83.584,83
83.712,98
83.84,92
83.968,95
84.096,102
84.224,84
84.352,93
84.48,89
84.608,113
84.736,106
84.864,96
84.992,86
85.12,99
85.248,89
85.376,96
85.504,86
85.632,86
85.76,89
85.888,74
86.016,84
86.144,108
86.272,97
86.4,89
86.528,94
86.656,107
86.784,98
86.912,103
87.04,104
87.168,103
87.296,109
87.424,78
87.552,107
87.68,81
87.808,89
87.936,96
88.064,106
88.192,92
88.32,90
88.448,100
88.576,94
88.704,88
88.832,94
88.96,60
89.088,77
89.216,83
89.344,92
89.472,84
89.6,100
89.728,67
89.856,82
89.984,78
90.112,97
90.24,102
90.368,95
90.496,84
90.624,79
90.752,82
90.88,59
91.008,92
91.136,93
91.264,72
91.392,76
91.52,88
91.648,114
91.776,88
91.904,91
92.032,82
92.16,70
92.288,83
92.416,98
92.544,90
92.672,83
92.8,74
92.928,88
93.056,96
93.184,86
93.312,106
93.44,95
93.568,98
93.696,76
93.824,74
93.952,76
94.08,80
94.208,91
94.336,88
94.464,91
94.592,81
94.72,74
94.848,67
94.976,88
95.104,70
95.232,84
95.36,83
95.488,83
95.616,71
95.744,72
95.872,81
96,83
96.128,86
96.256,67
96.384,75
96.512,67
96.64,85
96.768,59
96.896,73
97.024,71
97.152,97
97.28,84
97.408,91
97.536,72
97.664,83
97.792,79
97.92,93
98.048,89
98.176,64
98.304,83
98.432,86
98.56,70
98.688,78
98.816,81
98.944,76
99.072,90
99.2,54
99.328,83
99.456,73
99.584,71
99.712,86
99.84,83
99.968,61
100.096,87
100.224,78
100.352,83
100.48,85
100.608,61
100.736,68
100.864,93
100.992,68
101.12,79
101.248,98
101.376,94
101.504,81
101.632,55
101.76,73
101.888,71
102.016,73
102.144,73
102.272,77
102.4,75
102.528,65
102.656,77
102.784,77
102.912,79
103.04,79
103.168,64
103.296,74
103.424,81
103.552,82
103.68,81
103.808,63
103.936,78
104.064,61
104.192,72
104.32,96
104.448,56
104.576,65
104.704,58
104.832,72
104.96,71
105.088,66
105.216,69
105.344,62
105.472,69
105.6,71
105.728,78
105.856,70
105.984,66
106.112,78
106.24,63
106.368,73
106.496,70
106.624,61
106.752,78
106.88,70
107.008,73
107.136,64
107.264,70
107.392,69
107.52,67
107.648,59
107.776,74
107.904,64
108.032,85
108.16,73
108.288,63
108.416,68
108.544,87
108.672,72
108.8,78
108.928,62
109.056,62
109.184,65
109.312,71
109.44,72
109.568,91
109.696,66
109.824,70
109.952,79
110.08,57
110.208,63
110.336,58
110.464,72
110.592,63
110.72,70
110.848,83
110.976,79
111.104,81
111.232,62
111.36,78
111.488,66
111.616,73
111.744,51
111.872,72
112,64
112.128,62
112.256,71
112.384,62
112.512,63
112.64,66
112.768,88
112.896,79
113.024,62
113.152,59
113.28,66
113.408,71
113.536,59
113.664,62
113.792,59
113.92,68
114.048,59
114.176,67
114.304,72
114.432,71
114.56,74
114.688,66
114.816,52
114.944,89
115.072,63
115.2,71
115.328,61
115.456,58
115.584,62
115.712,56
115.84,65
115.968,78
116.096,59
116.224,64
116.352,71
116.48,72
116.608,66
116.736,69
116.864,65
116.992,64
117.12,54
117.248,72
117.376,46
117.504,63
117.632,64
117.76,52
117.888,60
118.016,68
118.144,59
118.272,58
118.4,63
118.528,84
118.656,75
118.784,65
118.912,56
119.04,75
119.168,64
119.296,50
119.424,43
119.552,58
119.68,53
119.808,54
119.936,40
120.064,56
120.192,50
120.32,67
120.448,70
120.576,50
120.704,53
120.832,64
120.96,68
121.088,62
121.216,58
121.344,70
121.472,46
121.6,69
121.728,53
121.856,55
121.984,64
122.112,42
122.24,54
122.368,54
122.496,65
122.624,65
122.752,52
122.88,73
123.008,68
123.136,65
123.264,62
123.392,67
123.52,62
123.648,67
123.776,56
123.904,60
124.032,64
124.16,54
124.288,58
124.416,50
124.544,52
124.672,65
124.8,65
124.928,65
125.056,57
125.184,61
125.312,55
125.44,66
125.568,40
125.696,63
125.824,51
125.952,55
126.08,55
126.208,53
126.336,56
126.464,48
126.592,56
126.72,53
126.848,60
126.976,62
127.104,51
127.232,65
127.36,56
127.488,49
127.616,61
127.744,41
127.872,50
128,67
128.128,59
128.256,68
128.384,59
128.512,49
128.64,65
128.768,57
128.896,53
129.024,48
129.152,54
129.28,43
129.408,51
129.536,60
129.664,44
129.792,72
129.92,57
130.048,57
130.176,55
130.304,60
130.432,49
130.56,52
130.688,58
130.816,62
130.944,61
131.072,56
131.2,57
131.328,56
131.456,51
131.584,55
131.712,58
131.84,56
131.968,57
132.096,53
132.224,59
132.352,53
132.48,58
132.608,63
132.736,58
132.864,59
132.992,62
133.12,55
133.248,69
133.376,56
133.504,61
133.632,58
133.76,68
133.888,58
134.016,62
134.144,50
134.272,55
134.4,48
134.528,38
134.656,55
134.784,58
134.912,71
135.04,48
135.168,44
135.296,53
135.424,63
135.552,51
135.68,48
135.808,61
135.936,51
136.064,40
136.192,50
136.32,55
136.448,47
136.576,44
136.704,52
136.832,62
136.96,55
137.088,56
137.216,65
137.344,52
137.472,71
137.6,42
137.728,53
137.856,42
137.984,59
138.112,52
138.24,40
138.368,55
138.496,59
138.624,54
138.752,68
138.88,60
139.008,48
139.136,47
139.264,42
139.392,44
139.52,67
139.648,61
139.776,53
139.904,53
140.032,70
140.16,42
140.288,54
140.416,50
140.544,63
140.672,50
140.8,58
140.928,44
141.056,54
141.184,48
141.312,56
141.44,57
141.568,52
141.696,63
141.824,52
141.952,55
142.08,49
142.208,63
142.336,57
142.464,50
142.592,67
142.72,54
142.848,50
142.976,51
143.104,40
143.232,49
143.36,58
143.488,39
143.616,47
143.744,56
143.872,49
144,39
144.128,47
144.256,55
144.384,47
144.512,50
144.64,61
144.768,62
144.896,57
145.024,44
145.152,51
145.28,50
145.408,58
145.536,62
145.664,61
145.792,42
145.92,49
146.048,53
146.176,51
146.304,37
146.432,39
146.56,40
146.688,43
146.816,42
146.944,71
147.072,59
147.2,67
147.328,32
147.456,43
147.584,47
147.712,53
147.84,46
147.968,42
148.096,48
148.224,53
148.352,55
148.48,49
148.608,47
148.736,40
148.864,49
148.992,47
149.12,49
149.248,40
149.376,50
149.504,48
149.632,52
149.76,36
149.888,33
150.016,52
150.144,41
150.272,54
150.4,35
150.528,47
150.656,42
150.784,48
150.912,43
151.04,53
151.168,50
151.296,57
151.424,47
151.552,42
151.68,36
151.808,36
151.936,46
152.064,38
152.192,44
152.32,41
152.448,48
152.576,46
152.704,47
152.832,61
152.96,38
153.088,46
153.216,55
153.344,51
153.472,44
153.6,51
153.728,59
153.856,54
153.984,48
154.112,30
154.24,40
154.368,41
154.496,45
154.624,50
154.752,49
154.88,54
155.008,53
155.136,43
155.264,53
155.392,50
155.52,45
155.648,45
155.776,45
155.904,46
156.032,39
156.16,36
156.288,45
156.416,39
156.544,47
156.672,46
156.8,37
156.928,37
157.056,37
157.184,55
157.312,42
157.44,54
157.568,37
157.696,46
157.824,45
157.952,43
158.08,46
158.208,43
158.336,44
158.464,47
158.592,36
158.72,47
158.848,43
158.976,45
159.104,48
159.232,44
159.36,43
159.488,39
159.616,38
159.744,41
159.872,45
160,44
160.128,47
160.256,40
160.384,46
160.512,43
160.64,39
160.768,41
160.896,41
161.024,38
161.152,41
161.28,37
161.408,42
161.536,55
161.664,49
161.792,44
161.92,27
162.048,46
162.176,43
162.304,57
162.432,33
162.56,48
162.688,38
162.816,43
162.944,51
163.072,30
163.2,41
163.328,40
163.456,32
163.584,46
163.712,47
163.84,49
163.968,38
164.096,42
164.224,41
164.352,48
164.48,34
164.608,25
164.736,29
164.864,35
164.992,30
165.12,40
165.248,44
165.376,35
165.504,37
165.632,49
165.76,39
165.888,41
166.016,41
166.144,31
166.272,37
166.4,41
166.528,43
166.656,46
166.784,48
166.912,29
167.04,53
167.168,34
167.296,52
167.424,35
167.552,42
167.68,38
167.808,36
167.936,31
168.064,28
168.192,34
168.32,40
168.448,43
168.576,32
168.704,43
168.832,30
168.96,37
169.088,33
169.216,35
169.344,46
169.472,46
169.6,47
169.728,35
169.856,40
169.984,37
170.112,34
170.24,43
170.368,38
170.496,42
170.624,45
170.752,35
170.88,50
171.008,49
171.136,29
171.264,39
171.392,42
171.52,31
171.648,39
171.776,35
171.904,41
172.032,38
172.16,45
172.288,49
172.416,39
172.544,26
172.672,35
172.8,42
172.928,38
173.056,42
173.184,44
173.312,48
173.44,37
173.568,37
173.696,32
173.824,37
173.952,36
174.08,35
174.208,39
174.336,43
174.464,33
174.592,33
174.72,43
174.848,39
174.976,44
175.104,50
175.232,38
175.36,37
175.488,33
175.616,39
175.744,45
175.872,30
176,46
176.128,41
176.256,36
176.384,38
176.512,50
176.64,43
176.768,28
176.896,25
177.024,27
177.152,28
177.28,40
177.408,34
177.536,33
177.664,34
177.792,41
177.92,44
178.048,38
178.176,43
178.304,42
178.432,34
178.56,41
178.688,39
178.816,40
178.944,33
179.072,31
179.2,37
179.328,41
179.456,33
179.584,28
179.712,44
179.84,45
179.968,42
180.096,24
180.224,36
180.352,47
180.48,48
180.608,35
180.736,43
180.864,33
180.992,48
181.12,42
181.248,30
181.376,38
181.504,33
181.632,30
181.76,33
181.888,37
182.016,32
182.144,39
182.272,43
182.4,35
182.528,40
182.656,40
182.784,26
182.912,40
183.04,35
183.168,36
183.296,31
183.424,28
183.552,41
183.68,33
183.808,41
183.936,38
184.064,25
184.192,47
184.32,39
184.448,30
184.576,35
184.704,36
184.832,35
184.96,30
185.088,43
185.216,34
185.344,38
185.472,46
185.6,37
185.728,32
185.856,34
185.984,36
186.112,34
186.24,34
186.368,35
186.496,40
186.624,39
186.752,36
186.88,35
187.008,27
187.136,31
187.264,26
187.392,28
187.52,36
187.648,29
187.776,43
187.904,35
188.032,27
188.16,32
188.288,25
188.416,42
188.544,38
188.672,34
188.8,29
188.928,42
189.056,32
189.184,39
189.312,37
189.44,32
189.568,27
189.696,36
189.824,38
189.952,27
190.08,34
190.208,44
190.336,35
190.464,24
190.592,36
190.72,32
190.848,35
190.976,36
191.104,48
191.232,35
191.36,30
191.488,27
191.616,37
191.744,33
191.872,28
192,30
192.128,36
192.256,30
192.384,44
192.512,38
192.64,31
192.768,39
192.896,40
193.024,31
193.152,29
193.28,23
193.408,22
193.536,34
193.664,34
193.792,36
193.92,31
194.048,29
194.176,35
194.304,26
194.432,39
194.56,25
194.688,37
194.816,29
194.944,28
195.072,27
195.2,37
195.328,33
195.456,33
195.584,37
195.712,24
195.84,26
195.968,30
196.096,32
196.224,34
196.352,35
196.48,21
196.608,31
196.736,27
196.864,37
196.992,22
197.12,26
197.248,37
197.376,24
197.504,30
197.632,36
197.76,37
197.888,27
198.016,29
198.144,31
198.272,32
198.4,32
198.528,36
198.656,29
198.784,24
198.912,31
199.04,32
199.168,33
199.296,34
199.424,27
199.552,24
199.68,26
199.808,30
199.936,38
200.064,26
200.192,28
200.32,22
200.448,38
200.576,34
200.704,30
200.832,20
200.96,29
201.088,33
201.216,24
201.344,24
201.472,27
201.6,27
201.728,34
201.856,32
201.984,24
202.112,25
202.24,28
202.368,17
202.496,26
202.624,29
202.752,33
202.88,30
203.008,33
203.136,26
203.264,31
203.392,32
203.52,30
203.648,20
203.776,26
203.904,35
204.032,35
204.16,29
204.288,39
204.416,28
204.544,32
204.672,36
204.8,29
204.928,28
205.056,27
205.184,20
205.312,25
205.44,23
205.568,30
205.696,28
205.824,35
205.952,28
206.08,42
206.208,30
206.336,31
206.464,25
206.592,31
206.72,32
206.848,32
206.976,35
207.104,36
207.232,23
207.36,35
207.488,28
207.616,25
207.744,31
207.872,33
208,44
208.128,22
208.256,23
208.384,31
208.512,27
208.64,34
208.768,25
208.896,29
209.024,24
209.152,33
209.28,21
209.408,24
209.536,26
209.664,23
209.792,28
209.92,25
210.048,33
210.176,31
210.304,22
210.432,34
210.56,23
210.688,23
210.816,23
210.944,31
211.072,27
211.2,26
211.328,18
211.456,28
211.584,34
211.712,28
211.84,33
211.968,35
212.096,25
212.224,31
212.352,24
212.48,38
212.608,20
212.736,25
212.864,30
212.992,36
213.12,28
213.248,33
213.376,25
213.504,27
213.632,27
213.76,26
213.888,39
214.016,29
214.144,35
214.272,27
214.4,30
214.528,34
214.656,27
214.784,28
214.912,26
215.04,25
215.168,33
215.296,20
215.424,18
215.552,23
215.68,30
215.808,26
215.936,15
216.064,29
216.192,27
216.32,27
216.448,29
216.576,25
216.704,34
216.832,29
216.96,28
217.088,25
217.216,32
217.344,30
217.472,35
217.6,27
217.728,29
217.856,27
217.984,20
218.112,24
218.24,34
218.368,31
218.496,27
218.624,23
218.752,39
218.88,30
219.008,29
219.136,37
219.264,21
219.392,39
219.52,32
219.648,31
219.776,26
219.904,23
220.032,24
220.16,29
220.288,27
220.416,25
220.544,20
220.672,26
220.8,29
220.928,27
221.056,26
221.184,26
221.312,18
221.44,27
221.568,17
221.696,27
221.824,31
221.952,24
222.08,31
222.208,26
222.336,27
222.464,24
222.592,27
222.72,23
222.848,23
222.976,27
223.104,24
223.232,27
223.36,28
223.488,26
223.616,26
223.744,23
223.872,26
224,25
224.128,28
224.256,21
224.384,27
224.512,25
224.64,26
224.768,26
224.896,25
225.024,31
225.152,31
225.28,27
225.408,18
225.536,19
225.664,17
225.792,29
225.92,30
226.048,24
226.176,23
226.304,26
226.432,25
226.56,36
226.688,24
226.816,29
226.944,28
227.072,25
227.2,34
227.328,22
227.456,32
227.584,27
227.712,16
227.84,37
227.968,18
228.096,22
228.224,25
228.352,26
228.48,29
228.608,20
228.736,19
228.864,32
228.992,25
229.12,23
229.248,22
229.376,29
229.504,23
229.632,24
229.76,27
229.888,27
230.016,24
230.144,29
230.272,28
230.4,27
230.528,17
230.656,31
230.784,19
230.912,23
231.04,27
231.168,26
231.296,19
231.424,23
231.552,30
231.68,15
231.808,24
231.936,28
232.064,28
232.192,27
232.32,29
232.448,29
232.576,30
232.704,19
232.832,35
232.96,29
233.088,23
233.216,17
233.344,27
233.472,26
233.6,26
233.728,28
233.856,20
233.984,24
234.112,24
234.24,26
234.368,29
234.496,22
234.624,34
234.752,30
234.88,30
235.008,20
235.136,17
235.264,29
235.392,21
235.52,28
235.648,23
235.776,27
235.904,19
236.032,18
236.16,25
236.288,19
236.416,26
236.544,25
236.672,20
236.8,17
236.928,22
237.056,25
237.184,19
237.312,21
237.44,20
237.568,21
237.696,31
237.824,25
237.952,19
238.08,29
238.208,22
238.336,36
238.464,30
238.592,26
238.72,23
238.848,19
238.976,16
239.104,36
239.232,21
239.36,15
239.488,20
239.616,23
239.744,33
239.872,28
240,22
240.128,23
240.256,21
240.384,18
240.512,23
240.64,29
240.768,20
240.896,28
241.024,23
241.152,17
241.28,12
241.408,27
241.536,25
241.664,23
241.792,21
241.92,29
242.048,20
242.176,23
242.304,26
242.432,25
242.56,20
242.688,30
242.816,26
242.944,13
243.072,24
243.2,20
243.328,23
243.456,23
243.584,10
243.712,24
243.84,27
243.968,25
244.096,22
244.224,19
244.352,18
244.48,23
244.608,24
244.736,13
244.864,28
244.992,31
245.12,27
245.248,10
245.376,18
245.504,28
245.632,20
245.76,24
245.888,21
246.016,19
246.144,19
246.272,20
246.4,21
246.528,23
246.656,19
246.784,15
246.912,19
247.04,22
247.168,22
247.296,21
247.424,13
247.552,19
247.68,20
247.808,17
247.936,22
248.064,14
248.192,22
248.32,18
248.448,12
248.576,22
248.704,27
248.832,21
248.96,24
249.088,20
249.216,19
249.344,17
249.472,20
249.6,19
249.728,19
249.856,24
249.984,21
250.112,18
250.24,28
250.368,20
250.496,21
250.624,19
250.752,31
250.88,26
251.008,16
251.136,20
251.264,23
251.392,21
251.52,16
251.648,25
251.776,21
251.904,27
252.032,20
252.16,28
252.288,18
252.416,18
252.544,26
252.672,21
252.8,26
252.928,12
253.056,25
253.184,17
253.312,14
253.44,18
253.568,20
253.696,12
253.824,19
253.952,23
254.08,19
254.208,20
254.336,21
254.464,24
254.592,26
254.72,15
254.848,25
254.976,19
255.104,24
255.232,18
255.36,26
255.488,29
255.616,22
255.744,24
255.872,24
256,16
256.128,22
256.256,13
256.384,22
256.512,29
256.64,23
256.768,21
256.896,20
257.024,22
257.152,18
257.28,20
257.408,21
257.536,17
257.664,22
257.792,22
257.92,22
258.048,21
258.176,31
258.304,18
258.432,19
258.56,23
258.688,23
258.816,18
258.944,23
259.072,13
259.2,15
259.328,14
259.456,15
259.584,11
259.712,21
259.84,24
259.968,16
260.096,23
260.224,20
260.352,21
260.48,20
260.608,15
260.736,10
260.864,15
260.992,20
261.12,20
261.248,16
261.376,20
261.504,17
261.632,15
261.76,18
261.888,28
262.016,18
262.144,15
262.272,22
262.4,13
262.528,18
262.656,22
262.784,23
262.912,22
263.04,21
263.168,18
263.296,14
263.424,16
263.552,24
263.68,12
263.808,24
263.936,15
264.064,21
264.192,22
264.32,16
264.448,21
264.576,12
264.704,17
264.832,14
264.96,17
265.088,15
265.216,25
265.344,23
265.472,17
265.6,14
265.728,16
265.856,18
265.984,22
266.112,24
266.24,14
266.368,15
266.496,13
266.624,15
266.752,14
266.88,23
267.008,17
267.136,12
267.264,22
267.392,11
267.52,22
267.648,22
267.776,12
267.904,21
268.032,11
268.16,25
268.288,24
268.416,19
268.544,22
268.672,22
268.8,10
268.928,9
269.056,11
269.184,18
269.312,19
269.44,21
269.568,16
269.696,19
269.824,30
269.952,18
270.08,21
270.208,18
270.336,16
270.464,18
270.592,17
270.72,20
270.848,25
270.976,14
271.104,18
271.232,20
271.36,21
271.488,15
271.616,16
271.744,13
271.872,22
272,19
272.128,19
272.256,17
272.384,23
272.512,18
272.64,15
272.768,15
272.896,25
273.024,31
273.152,24
273.28,16
273.408,20
273.536,19
273.664,25
273.792,16
273.92,15
274.048,17
274.176,18
274.304,20
274.432,20
274.56,17
274.688,16
274.816,24
274.944,12
275.072,12
275.2,18
275.328,16
275.456,11
275.584,16
275.712,18
275.84,29
275.968,13
276.096,19
276.224,18
276.352,15
276.48,13
276.608,15
276.736,21
276.864,16
276.992,27
277.12,23
277.248,22
277.376,19
277.504,13
277.632,13
277.76,18
277.888,21
278.016,25
278.144,11
278.272,21
278.4,19
278.528,22
278.656,15
278.784,17
278.912,11
279.04,21
279.168,20
279.296,19
279.424,16
279.552,19
279.68,24
279.808,21
279.936,9
280.064,24
280.192,13
280.32,18
280.448,11
280.576,15
280.704,17
280.832,12
280.96,18
281.088,24
281.216,18
281.344,15
281.472,20
281.6,19
281.728,13
281.856,14
281.984,14
282.112,16
282.24,15
282.368,14
282.496,15
282.624,22
282.752,15
282.88,18
283.008,22
283.136,22
283.264,17
283.392,9
283.52,16
283.648,18
283.776,21
283.904,16
284.032,20
284.16,18
284.288,20
284.416,25
284.544,15
284.672,20
284.8,10
284.928,11
285.056,18
285.184,15
285.312,22
285.44,29
285.568,18
285.696,15
285.824,14
285.952,21
286.08,24
286.208,15
286.336,18
286.464,14
286.592,19
286.72,18
286.848,15
286.976,16
287.104,16
287.232,19
287.36,15
287.488,16
287.616,16
287.744,15
287.872,7
288,26
288.128,23
288.256,16
288.384,12
288.512,9
288.64,13
288.768,22
288.896,13
289.024,24
289.152,16
289.28,23
289.408,21
289.536,10
289.664,18
289.792,20
289.92,18
290.048,10
290.176,19
290.304,18
290.432,12
290.56,22
290.688,13
290.816,24
290.944,12
291.072,13
291.2,21
291.328,14
291.456,17
291.584,22
291.712,13
291.84,12
291.968,17
292.096,12
292.224,18
292.352,14
292.48,15
292.608,16
292.736,16
292.864,18
292.992,17
293.12,22
293.248,15
293.376,13
293.504,19
293.632,18
293.76,18
293.888,15
294.016,22
294.144,19
294.272,17
294.4,21
294.528,20
294.656,13
294.784,16
294.912,13
295.04,23
295.168,15
295.296,13
295.424,12
295.552,20
295.68,10
295.808,13
295.936,16
296.064,12
296.192,17
296.32,11
296.448,22
296.576,12
296.704,17
296.832,17
296.96,16
297.088,19
297.216,14
297.344,13
297.472,14
297.6,18
297.728,22
297.856,13
297.984,19
298.112,20
298.24,11
298.368,24
298.496,17
298.624,18
298.752,16
298.88,10
299.008,16
299.136,14
299.264,16
299.392,24
299.52,11
299.648,18
299.776,19
299.904,14
300.032,18
300.16,20
300.288,16
300.416,22
300.544,15
300.672,10
300.8,13
300.928,13
301.056,19
301.184,15
301.312,7
301.44,13
301.568,20
301.696,10
301.824,18
301.952,20
302.08,13
302.208,11
302.336,13
302.464,14
302.592,12
302.72,12
302.848,15
302.976,12
303.104,11
303.232,12
303.36,17
303.488,14
303.616,15
303.744,11
303.872,14
304,10
304.128,10
304.256,16
304.384,19
304.512,12
304.64,12
304.768,10
304.896,18
305.024,13
305.152,8
305.28,15
305.408,17
305.536,10
305.664,19
305.792,15
305.92,14
306.048,10
306.176,14
306.304,12
306.432,15
306.56,14
306.688,16
306.816,18
306.944,17
307.072,20
307.2,19
307.328,11
307.456,15
307.584,13
307.712,17
307.84,12
307.968,16
308.096,20
308.224,20
308.352,17
308.48,20
308.608,11
308.736,8
308.864,11
308.992,14
309.12,11
309.248,12
309.376,17
309.504,15
309.632,17
309.76,28
309.888,7
310.016,13
310.144,14
310.272,6
310.4,15
310.528,19
310.656,12
310.784,14
310.912,13
311.04,18
311.168,17
311.296,17
311.424,12
311.552,18
311.68,18
311.808,16
311.936,22
312.064,11
312.192,20
312.32,15
312.448,16
312.576,11
312.704,19
312.832,19
312.96,17
313.088,7
313.216,25
313.344,16
313.472,18
313.6,19
313.728,19
313.856,17
313.984,14
314.112,16
314.24,15
314.368,16
314.496,10
314.624,15
314.752,14
314.88,13
315.008,12
315.136,14
315.264,18
315.392,14
315.52,11
315.648,21
315.776,21
315.904,21
316.032,13
316.16,14
316.288,15
316.416,18
316.544,16
316.672,11
316.8,13
316.928,9
317.056,8
317.184,6
317.312,7
317.44,20
317.568,13
317.696,13
317.824,15
317.952,12
318.08,15
318.208,15
318.336,14
318.464,14
318.592,16
318.72,14
318.848,17
318.976,11
319.104,15
319.232,10
319.36,13
319.488,16
319.616,19
319.744,15
319.872,15
320,17
320.128,11
320.256,11
320.384,14
320.512,15
320.64,14
320.768,15
320.896,16
321.024,13
321.152,15
321.28,11
321.408,14
321.536,17
321.664,16
321.792,14
321.92,14
322.048,12
322.176,9
322.304,17
322.432,15
322.56,8
322.688,19
322.816,9
322.944,15
323.072,14
323.2,8
323.328,25
323.456,16
323.584,11
323.712,11
323.84,10
323.968,14
324.096,16
324.224,15
324.352,20
324.48,8
324.608,13
324.736,12
324.864,11
324.992,10
325.12,14
325.248,13
325.376,13
325.504,16
325.632,7
325.76,15
325.888,16
326.016,15
326.144,8
326.272,10
326.4,15
326.528,14
326.656,11
326.784,18
326.912,8
327.04,6
327.168,12
327.296,17
327.424,20
327.552,12
327.68,14
327.808,11
327.936,10
328.064,11
328.192,13
328.32,11
328.448,14
328.576,19
328.704,16
328.832,13
328.96,13
329.088,10
329.216,12
329.344,9
329.472,11
329.6,14
329.728,7
329.856,18
329.984,8
330.112,17
330.24,3
330.368,16
330.496,8
330.624,11
330.752,15
330.88,15
331.008,7
331.136,16
331.264,13
331.392,12
331.52,14
331.648,14
331.776,16
331.904,14
332.032,14
332.16,14
332.288,13
332.416,17
332.544,17
332.672,14
332.8,13
332.928,9
333.056,20
333.184,14
333.312,5
333.44,17
333.568,16
333.696,8
333.824,13
333.952,11
334.08,14
334.208,9
334.336,17
334.464,17
334.592,13
334.72,10
334.848,12
334.976,18
335.104,15
335.232,13
335.36,12
335.488,12
335.616,15
335.744,12
335.872,14
336,11
336.128,10
336.256,11
336.384,14
336.512,12
336.64,13
336.768,17
336.896,18
337.024,12
337.152,13
337.28,16
337.408,9
337.536,13
337.664,13
337.792,13
337.92,15
338.048,10
338.176,12
338.304,21
338.432,11
338.56,11
338.688,14
338.816,17
338.944,12
339.072,10
339.2,15
339.328,17
339.456,8
339.584,23
339.712,14
339.84,10
339.968,13
340.096,8
340.224,14
340.352,10
340.48,11
340.608,7
340.736,10
340.864,15
340.992,11
341.12,15
341.248,5
341.376,8
341.504,10
341.632,13
341.76,11
341.888,13
342.016,14
342.144,12
342.272,9
342.4,13
342.528,8
342.656,11
342.784,9
342.912,13
343.04,14
343.168,17
343.296,16
343.424,9
343.552,18
343.68,11
343.808,19
343.936,17
344.064,13
344.192,15
344.32,4
344.448,8
344.576,8
344.704,13
344.832,12
344.96,14
345.088,15
345.216,11
345.344,11
345.472,10
345.6,13
345.728,12
345.856,9
345.984,11
346.112,12
346.24,14
346.368,13
346.496,9
346.624,11
346.752,9
346.88,8
347.008,11
347.136,11
347.264,16
347.392,12
347.52,11
347.648,9
347.776,15
347.904,8
348.032,15
348.16,13
348.288,8
348.416,14
348.544,11
348.672,17
348.8,15
348.928,18
349.056,14
349.184,17
349.312,17
349.44,17
349.568,11
349.696,9
349.824,9
349.952,8
350.08,16
350.208,12
350.336,7
350.464,10
350.592,15
350.72,6
350.848,5
350.976,16
351.104,12
351.232,12
351.36,23
351.488,10
351.616,7
351.744,15
351.872,7
352,12
352.128,11
352.256,6
352.384,11
352.512,11
352.64,7
352.768,13
352.896,15
353.024,13
353.152,15
353.28,9
353.408,16
353.536,11
353.664,8
353.792,12
353.92,16
354.048,11
354.176,11
354.304,14
354.432,12
354.56,10
354.688,16
354.816,15
354.944,12
355.072,8
355.2,9
355.328,8
355.456,15
355.584,13
355.712,16
355.84,11
355.968,11
356.096,11
356.224,6
356.352,8
356.48,9
356.608,11
356.736,11
356.864,8
356.992,11
357.12,15
357.248,12
357.376,7
357.504,15
357.632,5
357.76,13
357.888,14
358.016,8
358.144,13
358.272,10
358.4,16
358.528,12
358.656,5
358.784,12
358.912,13
359.04,6
359.168,7
359.296,13
359.424,11
359.552,14
359.68,13
359.808,15
359.936,13
360.064,13
360.192,12
360.32,14
360.448,9
360.576,11
360.704,14
360.832,16
360.96,15
361.088,3
361.216,8
361.344,13
361.472,17
361.6,19
361.728,13
361.856,17
361.984,9
362.112,13
362.24,12
362.368,13
362.496,10
362.624,6
362.752,9
362.88,8
363.008,11
363.136,9
363.264,8
363.392,15
363.52,13
363.648,11
363.776,12
363.904,15
364.032,8
364.16,9
364.288,15
364.416,6
364.544,9
364.672,10
364.8,13
364.928,10
365.056,9
365.184,10
365.312,10
365.44,15
365.568,12
365.696,10
365.824,16
365.952,9
366.08,9
366.208,9
366.336,11
366.464,15
366.592,6
366.72,11
366.848,12
366.976,4
367.104,12
367.232,15
367.36,18
367.488,10
367.616,12
367.744,14
367.872,6
368,10
368.128,16
368.256,14
368.384,16
368.512,13
368.64,12
368.768,11
368.896,12
369.024,13
369.152,7
369.28,11
369.408,12
369.536,10
369.664,11
369.792,11
369.92,7
370.048,6
370.176,7
370.304,15
370.432,15
370.56,14
370.688,9
370.816,17
370.944,10
371.072,9
371.2,10
371.328,12
371.456,10
371.584,11
371.712,11
371.84,14
371.968,7
372.096,7
372.224,13
372.352,14
372.48,11
372.608,12
372.736,8
372.864,7
372.992,12
373.12,7
373.248,12
373.376,13
373.504,6
373.632,11
373.76,14
373.888,6
374.016,11
374.144,10
374.272,4
374.4,11
374.528,8
374.656,15
374.784,11
374.912,10
375.04,7
375.168,11
375.296,7
375.424,8
375.552,7
375.68,14
375.808,7
375.936,5
376.064,9
376.192,14
376.32,4
376.448,12
376.576,17
376.704,7
376.832,10
376.96,17
377.088,10
377.216,11
377.344,11
377.472,10
377.6,7
377.728,9
377.856,10
377.984,10
378.112,9
378.24,14
378.368,12
378.496,12
378.624,2
378.752,10
378.88,10
379.008,11
379.136,12
379.264,6
379.392,9
379.52,13
379.648,5
379.776,7
379.904,9
380.032,12
380.16,9
380.288,7
380.416,12
380.544,11
380.672,9
380.8,13
380.928,7
381.056,9
381.184,12
381.312,13
381.44,11
381.568,8
381.696,4
381.824,8
381.952,15
382.08,9
382.208,7
382.336,7
382.464,14
382.592,12
382.72,11
382.848,7
382.976,14
383.104,11
383.232,10
383.36,15
383.488,9
383.616,9
383.744,10
383.872,10
384,7
384.128,6
384.256,7
384.384,9
384.512,9
384.64,14
384.768,11
384.896,5
385.024,9
385.152,5
385.28,9
385.408,12
385.536,8
385.664,11
385.792,12
385.92,9
386.048,7
386.176,9
386.304,19
386.432,12
386.56,10
386.688,7
386.816,11
386.944,9
387.072,17
387.2,8
387.328,9
387.456,8
387.584,11
387.712,6
387.84,8
387.968,7
388.096,8
388.224,9
388.352,6
388.48,10
388.608,8
388.736,4
388.864,8
388.992,15
389.12,14
389.248,12
389.376,10
389.504,11
389.632,11
389.76,5
389.888,7
390.016,8
390.144,7
390.272,8
390.4,9
390.528,10
390.656,9
390.784,5
390.912,13
391.04,5
391.168,10
391.296,9
391.424,6
391.552,7
391.68,11
391.808,9
391.936,15
392.064,10
392.192,10
392.32,9
392.448,8
392.576,8
392.704,10
392.832,13
392.96,8
393.088,10
393.216,12
393.344,7
393.472,8
393.6,6
393.728,5
393.856,15
393.984,9
394.112,8
394.24,8
394.368,9
394.496,9
394.624,10
394.752,8
394.88,8
395.008,8
395.136,7
395.264,13
395.392,8
395.52,5
395.648,9
395.776,8
395.904,11
396.032,5
396.16,6
396.288,4
396.416,20
396.544,3
396.672,6
396.8,6
396.928,7
397.056,11
397.184,9
397.312,12
397.44,13
397.568,11
397.696,12
397.824,8
397.952,8
398.08,8
398.208,12
398.336,4
398.464,14
398.592,5
398.72,8
398.848,8
398.976,6
399.104,13
399.232,5
399.36,10
399.488,4
399.616,10
399.744,5
399.872,7
400,10
400.128,6
400.256,9
400.384,10
400.512,9
400.64,5
400.768,6
400.896,11
401.024,6
401.152,10
401.28,7
401.408,8
401.536,9
401.664,6
401.792,10
401.92,4
402.048,10
402.176,7
402.304,3
402.432,9
402.56,7
402.688,8
402.816,6
402.944,9
403.072,4
403.2,13
403.328,10
403.456,6
403.584,11
403.712,9
403.84,4
403.968,10
404.096,13
404.224,13
404.352,5
404.48,10
404.608,11
404.736,7
404.864,7
404.992,5
405.12,13
405.248,8
405.376,6
405.504,7
405.632,11
405.76,12
405.888,6
406.016,7
406.144,3
406.272,14
406.4,7
406.528,11
406.656,13
406.784,5
406.912,12
407.04,11
407.168,7
407.296,3
407.424,13
407.552,9
407.68,7
407.808,6
407.936,16
408.064,10
408.192,6
408.32,11
408.448,8
408.576,6
408.704,7
408.832,9
408.96,9
409.088,7
409.216,8
409.344,5
409.472,9
409.6,6
409.728,13
409.856,9
409.984,7
410.112,11
410.24,11
410.368,1
410.496,9
410.624,12
410.752,18
410.88,10
411.008,16
411.136,9
411.264,13
411.392,6
411.52,6
411.648,10
411.776,13
411.904,14
412.032,9
412.16,10
412.288,6
412.416,10
412.544,10
412.672,8
412.8,10
412.928,12
413.056,15
413.184,9
413.312,10
413.44,7
413.568,4
413.696,4
413.824,11
413.952,10
414.08,13
414.208,10
414.336,5
414.464,11
414.592,6
414.72,11
414.848,10
414.976,12
415.104,5
415.232,16
415.36,8
415.488,8
415.616,8
415.744,6
415.872,7
416,5
416.128,7
416.256,5
416.384,8
416.512,11
416.64,9
416.768,8
416.896,11
417.024,10
417.152,5
417.28,9
417.408,15
417.536,12
417.664,12
417.792,11
417.92,9
418.048,4
418.176,6
418.304,11
418.432,7
418.56,10
418.688,11
418.816,5
418.944,10
419.072,11
419.2,7
419.328,3
419.456,7
419.584,9
419.712,10
419.84,8
419.968,7
420.096,4
420.224,6
420.352,3
420.48,6
420.608,10
420.736,10
420.864,8
420.992,9
421.12,11
421.248,11
421.376,9
421.504,12
421.632,10
421.76,3
421.888,5
422.016,10
422.144,7
422.272,11
422.4,5
422.528,9
422.656,7
422.784,9
422.912,8
423.04,8
423.168,4
423.296,7
423.424,12
423.552,6
423.68,6
423.808,10
423.936,10
424.064,11
424.192,10
424.32,8
424.448,9
424.576,7
424.704,4
424.832,9
424.96,13
425.088,6
425.216,14
425.344,5
425.472,9
425.6,4
425.728,7
425.856,8
425.984,12
426.112,3
426.24,9
426.368,6
426.496,7
426.624,7
426.752,7
426.88,4
427.008,9
427.136,8
427.264,13
427.392,10
427.52,7
427.648,6
427.776,11
427.904,10
428.032,4
428.16,10
428.288,10
428.416,6
428.544,7
428.672,6
428.8,5
428.928,9
429.056,12
429.184,12
429.312,9
429.44,2
429.568,10
429.696,10
429.824,8
429.952,6
430.08,6
430.208,4
430.336,14
430.464,5
430.592,9
430.72,7
430.848,6
430.976,8
431.104,8
431.232,11
431.36,10
431.488,10
431.616,6
431.744,7
431.872,4
432,6
432.128,8
432.256,9
432.384,10
432.512,8
432.64,9
432.768,8
432.896,10
433.024,4
433.152,9
433.28,9
433.408,12
433.536,4
433.664,10
433.792,7
433.92,5
434.048,7
434.176,8
434.304,3
434.432,11
434.56,8
434.688,4
434.816,9
434.944,12
435.072,7
435.2,7
435.328,13
435.456,9
435.584,9
435.712,9
435.84,9
435.968,10
436.096,3
436.224,6
436.352,5
436.48,9
436.608,11
436.736,6
436.864,15
436.992,8
437.12,8
437.248,10
437.376,7
437.504,7
437.632,10
437.76,12
437.888,11
438.016,5
438.144,12
438.272,12
438.4,12
438.528,11
438.656,7
438.784,8
438.912,13
439.04,8
439.168,4
439.296,12
439.424,5
439.552,7
439.68,6
439.808,7
439.936,7
440.064,10
440.192,7
440.32,7
440.448,11
440.576,10
440.704,5
440.832,2
440.96,5
441.088,4
441.216,7
441.344,3
441.472,4
441.6,8
441.728,5
441.856,11
441.984,9
442.112,8
442.24,9
442.368,6
442.496,8
442.624,13
442.752,3
442.88,6
443.008,6
443.136,11
443.264,7
443.392,7
443.52,7
443.648,12
443.776,10
443.904,2
444.032,15
444.16,8
444.288,9
444.416,8
444.544,7
444.672,9
444.8,7
444.928,12
445.056,3
445.184,10
445.312,7
445.44,13
445.568,8
445.696,6
445.824,10
445.952,6
446.08,7
446.208,8
446.336,7
446.464,7
446.592,8
446.72,5
446.848,5
446.976,11
447.104,5
447.232,5
447.36,7
447.488,8
447.616,6
447.744,7
447.872,8
448,10
448.128,7
448.256,6
448.384,8
448.512,8
448.64,8
448.768,8
448.896,4
449.024,10
449.152,5
449.28,12
449.408,8
449.536,8
449.664,3
449.792,9
449.92,5
450.048,10
450.176,12
450.304,2
450.432,6
450.56,6
450.688,12
450.816,2
450.944,10
451.072,8
451.2,7
451.328,7
451.456,5
451.584,7
451.712,11
451.84,2
451.968,7
452.096,11
452.224,10
452.352,8
452.48,9
452.608,10
452.736,11
452.864,4
452.992,10
453.12,7
453.248,9
453.376,6
453.504,4
453.632,7
453.76,11
453.888,7
454.016,6
454.144,6
454.272,7
454.4,6
454.528,7
454.656,3
454.784,12
454.912,11
455.04,11
455.168,5
455.296,6
455.424,9
455.552,11
455.68,9
455.808,6
455.936,8
456.064,4
456.192,7
456.32,15
456.448,9
456.576,5
456.704,7
456.832,9
456.96,5
457.088,13
457.216,4
457.344,7
457.472,4
457.6,4
457.728,7
457.856,5
457.984,12
458.112,8
458.24,6
458.368,3
458.496,5
458.624,10
458.752,2
458.88,4
459.008,10
459.136,6
459.264,14
459.392,3
459.52,4
459.648,9
459.776,4
459.904,5
460.032,8
460.16,10
460.288,5
460.416,2
460.544,6
460.672,6
460.8,7
460.928,6
461.056,8
461.184,6
461.312,4
461.44,3
461.568,6
461.696,4
461.824,6
461.952,3
462.08,9
462.208,14
462.336,10
462.464,7
462.592,6
462.72,12
462.848,7
462.976,8
463.104,10
463.232,8
463.36,8
463.488,7
463.616,6
463.744,6
463.872,7
464,8
464.128,10
464.256,7
464.384,11
464.512,4
464.64,9
464.768,5
464.896,7
465.024,5
465.152,7
465.28,4
465.408,6
465.536,6
465.664,2
465.792,4
465.92,5
466.048,13
466.176,6
466.304,6
466.432,10
466.56,10
466.688,6
466.816,7
466.944,6
467.072,10
467.2,10
467.328,8
467.456,6
467.584,3
467.712,5
467.84,4
467.968,5
468.096,6
468.224,8
468.352,6
468.48,5
468.608,10
468.736,7
468.864,7
468.992,12
469.12,4
469.248,10
469.376,10
469.504,9
469.632,8
469.76,9
469.888,10
470.016,6
470.144,6
470.272,5
470.4,8
470.528,9
470.656,6
470.784,4
470.912,7
471.04,6
471.168,4
471.296,7
471.424,6
471.552,12
471.68,4
471.808,5
471.936,7
472.064,6
472.192,6
472.32,11
472.448,6
472.576,10
472.704,3
472.832,5
472.96,13
473.088,6
473.216,7
473.344,9
473.472,8
473.6,8
473.728,7
473.856,7
473.984,5
474.112,6
474.24,2
474.368,3
474.496,7
474.624,7
474.752,4
474.88,5
475.008,4
475.136,9
475.264,9
475.392,6
475.52,4
475.648,8
475.776,7
475.904,7
476.032,5
476.16,11
476.288,6
476.416,12
476.544,5
476.672,6
476.8,9
476.928,7
477.056,10
477.184,7
477.312,8
477.44,8
477.568,7
477.696,4
477.824,11
477.952,3
478.08,10
478.208,10
478.336,10
478.464,10
478.592,10
478.72,7
478.848,9
478.976,10
479.104,4
479.232,5
479.36,3
479.488,9
479.616,8
479.744,3
479.872,5
480,2
480.128,6
480.256,6
480.384,2
480.512,8
480.64,4
480.768,5
480.896,12
481.024,12
481.152,6
481.28,3
481.408,8
481.536,8
481.664,6
481.792,6
481.92,8
482.048,6
482.176,2
482.304,8
482.432,6
482.56,5
482.688,6
482.816,4
482.944,8
483.072,7
483.2,7
483.328,7
483.456,6
483.584,6
483.712,13
483.84,9
483.968,15
484.096,5
484.224,4
484.352,3
484.48,1
484.608,6
484.736,5
484.864,9
484.992,7
485.12,11
485.248,8
485.376,8
485.504,10
485.632,1
485.76,4
485.888,7
486.016,8
486.144,2
486.272,6
486.4,12
486.528,5
486.656,6
486.784,6
486.912,4
487.04,2
487.168,7
487.296,3
487.424,5
487.552,6
487.68,3
487.808,1
487.936,8
488.064,2
488.192,4
488.32,4
488.448,9
488.576,6
488.704,3
488.832,4
488.96,6
489.088,8
489.216,4
489.344,8
489.472,10
489.6,5
489.728,5
489.856,5
489.984,5
490.112,3
490.24,10
490.368,5
490.496,6
490.624,5
490.752,6
490.88,8
491.008,3
491.136,7
491.264,6
491.392,12
491.52,1
491.648,10
491.776,8
491.904,4
492.032,4
492.16,8
492.288,5
492.416,11
492.544,4
492.672,7
492.8,2
492.928,6
493.056,6
493.184,7
493.312,5
493.44,7
493.568,2
493.696,8
493.824,6
493.952,4
494.08,6
494.208,9
494.336,4
494.464,8
494.592,5
494.72,9
494.848,7
494.976,5
495.104,5
495.232,6
495.36,7
495.488,4
495.616,6
495.744,5
495.872,3
496,8
496.128,12
496.256,5
496.384,3
496.512,7
496.64,9
496.768,8
496.896,7
497.024,3
497.152,6
497.28,7
497.408,5
497.536,4
497.664,5
497.792,8
497.92,10
498.048,4
498.176,5
498.304,6
498.432,4
498.56,4
498.688,6
498.816,7
498.944,12
499.072,5
499.2,3
499.328,5
499.456,7
499.584,8
499.712,8
499.84,4
499.968,7
500.096,4
500.224,6
500.352,4
500.48,6
500.608,8
500.736,6
500.864,5
500.992,5
501.12,3
501.248,7
501.376,2
501.504,7
501.632,8
501.76,7
501.888,6
502.016,5
502.144,5
502.272,9
502.4,5
502.528,6
502.656,6
502.784,8
502.912,5
503.04,9
503.168,7
503.296,8
503.424,9
503.552,6
503.68,7
503.808,8
503.936,6
504.064,5
504.192,3
504.32,6
504.448,9
504.576,10
504.704,3
504.832,8
504.96,4
505.088,9
505.216,6
505.344,14
505.472,7
505.6,8
505.728,3
505.856,8
505.984,5
506.112,6
506.24,8
506.368,4
506.496,4
506.624,6
506.752,4
506.88,6
507.008,9
507.136,5
507.264,3
507.392,7
507.52,7
507.648,7
507.776,6
507.904,3
508.032,6
508.16,4
508.288,3
508.416,5
508.544,9
508.672,7
508.8,2
508.928,7
509.056,3
509.184,7
509.312,5
509.44,8
509.568,3
509.696,12
509.824,4
509.952,8
510.08,10
510.208,5
510.336,3
510.464,9
510.592,5
510.72,6
510.848,1
510.976,3
511.104,8
511.232,9
511.36,10
511.488,3
511.616,3
511.744,8
511.872,3
512,5
512.128,5
512.256,2
512.384,3
512.512,4
512.64,7
512.768,4
512.896,4
513.024,7
513.152,3
513.28,9
513.408,6
513.536,4
513.664,4
513.792,5
513.92,7
514.048,6
514.176,9
514.304,5
514.432,7
514.56,8
514.688,6
514.816,9
514.944,8
515.072,3
515.2,5
515.328,3
515.456,10
515.584,3
515.712,5
515.84,2
515.968,5
516.096,6
516.224,6
516.352,4
516.48,7
516.608,5
516.736,6
516.864,2
516.992,7
517.12,8
517.248,3
517.376,5
517.504,7
517.632,6
517.76,2
517.888,5
518.016,5
518.144,10
518.272,7
518.4,12
518.528,5
518.656,5
518.784,2
518.912,3
519.04,10
519.168,3
519.296,8
519.424,7
519.552,8
519.68,1
519.808,5
519.936,5
520.064,8
520.192,2
520.32,0
520.448,6
520.576,5
520.704,4
520.832,2
520.96,5
521.088,5
521.216,8
521.344,7
521.472,2
521.6,3
521.728,6
521.856,5
521.984,8
522.112,3
522.24,6
522.368,2
522.496,3
522.624,8
522.752,4
522.88,5
523.008,10
523.136,6
523.264,4
523.392,7
523.52,7
523.648,5
523.776,4
523.904,8
524.032,6
524.16,7
524.288,6
524.416,7
524.544,5
524.672,6
524.8,5
524.928,1
525.056,8
525.184,3
525.312,6
525.44,7
525.568,7
525.696,4
525.824,9
525.952,8
526.08,8
526.208,14
526.336,7
526.464,4
526.592,3
526.72,1
526.848,4
526.976,12
527.104,7
527.232,11
527.36,8
527.488,4
527.616,6
527.744,1
527.872,2
528,7
528.128,5
528.256,3
528.384,6
528.512,4
528.64,9
528.768,2
528.896,5
529.024,7
529.152,5
529.28,8
529.408,5
529.536,11
529.664,1
529.792,7
529.92,7
530.048,11
530.176,7
530.304,9
530.432,4
530.56,2
530.688,4
530.816,11
530.944,4
531.072,9
531.2,11
531.328,4
531.456,7
531.584,5
531.712,6
531.84,8
531.968,4
532.096,6
532.224,5
532.352,6
532.48,4
532.608,3
532.736,5
532.864,4
532.992,3
533.12,7
533.248,7
533.376,5
533.504,6
533.632,5
533.76,4
533.888,2
534.016,5
534.144,4
534.272,7
534.4,2
534.528,4
534.656,3
534.784,3
534.912,7
535.04,7
535.168,4
535.296,6
535.424,4
535.552,4
535.68,6
535.808,7
535.936,1
536.064,2
536.192,6
536.32,9
536.448,5
536.576,5
536.704,8
536.832,4
536.96,4
537.088,3
537.216,10
537.344,2
537.472,4
537.6,5
537.728,8
537.856,7
537.984,9
538.112,1
538.24,1
538.368,4
538.496,7
538.624,5
538.752,4
538.88,3
539.008,7
539.136,5
539.264,0
539.392,9
539.52,5
539.648,7
539.776,6
539.904,2
540.032,2
540.16,5
540.288,3
540.416,5
540.544,3
540.672,2
540.8,6
540.928,7
541.056,3
541.184,8
541.312,5
541.44,6
541.568,5
541.696,4
541.824,5
541.952,5
542.08,4
542.208,3
542.336,3
542.464,6
542.592,7
542.72,2
542.848,6
542.976,3
543.104,7
543.232,9
543.36,1
543.488,3
543.616,6
543.744,4
543.872,3
544,7
544.128,6
544.256,10
544.384,9
544.512,4
544.64,4
544.768,8
544.896,10
545.024,1
545.152,7
545.28,10
545.408,4
545.536,5
545.664,3
545.792,5
545.92,6
546.048,1
546.176,5
546.304,6
546.432,5
546.56,7
546.688,3
546.816,6
546.944,6
547.072,2
547.2,4
547.328,5
547.456,8
547.584,3
547.712,3
547.84,5
547.968,1
548.096,5
548.224,4
548.352,5
548.48,1
548.608,6
548.736,3
548.864,11
548.992,1
549.12,8
549.248,9
549.376,2
549.504,4
549.632,6
549.76,12
549.888,4
550.016,5
550.144,6
550.272,6
550.4,6
550.528,5
550.656,9
550.784,4
550.912,4
551.04,5
551.168,2
551.296,5
551.424,3
551.552,7
551.68,5
551.808,7
551.936,7
552.064,4
552.192,3
552.32,5
552.448,4
552.576,3
552.704,3
552.832,8
552.96,4
553.088,7
553.216,3
553.344,4
553.472,2
553.6,6
553.728,4
553.856,3
553.984,6
554.112,7
554.24,4
554.368,7
554.496,3
554.624,3
554.752,2
554.88,1
555.008,5
555.136,2
555.264,6
555.392,2
555.52,5
555.648,4
555.776,1
555.904,6
556.032,6
556.16,3
556.288,7
556.416,3
556.544,3
556.672,4
556.8,6
556.928,2
557.056,4
557.184,2
557.312,8
557.44,5
557.568,4
557.696,9
557.824,5
557.952,5
558.08,5
558.208,3
558.336,6
558.464,7
558.592,4
558.72,5
558.848,8
558.976,6
559.104,4
559.232,2
559.36,5
559.488,5
559.616,4
559.744,4
559.872,5
560,8
560.128,6
560.256,5
560.384,2
560.512,8
560.64,4
560.768,7
560.896,4
561.024,5
561.152,1
561.28,4
561.408,3
561.536,6
561.664,4
561.792,9
561.92,3
562.048,5
562.176,6
562.304,5
562.432,5
562.56,4
562.688,9
562.816,2
562.944,5
563.072,7
563.2,3
563.328,5
563.456,2
563.584,4
563.712,3
563.84,4
563.968,4
564.096,5
564.224,4
564.352,9
564.48,4
564.608,2
564.736,5
564.864,7
564.992,4
565.12,8
565.248,4
565.376,3
565.504,6
565.632,5
565.76,5
565.888,5
566.016,4
566.144,9
566.272,6
566.4,4
566.528,6
566.656,3
566.784,6
566.912,5
567.04,5
567.168,7
567.296,5
567.424,3
567.552,2
567.68,8
567.808,8
567.936,3
568.064,6
568.192,10
568.32,5
568.448,6
568.576,4
568.704,8
568.832,3
568.96,6
569.088,6
569.216,9
569.344,1
569.472,3
569.6,6
569.728,12
569.856,1
569.984,4
570.112,6
570.24,3
570.368,9
570.496,6
570.624,3
570.752,8
570.88,5
571.008,5
571.136,8
571.264,3
571.392,4
571.52,5
571.648,5
571.776,7
571.904,1
572.032,7
572.16,4
572.288,4
572.416,8
572.544,9
572.672,5
572.8,3
572.928,9
573.056,3
573.184,5
573.312,6
573.44,3
573.568,7
573.696,2
573.824,5
573.952,8
574.08,5
574.208,5
574.336,1
574.464,3
574.592,8
574.72,4
574.848,13
574.976,1
575.104,4
575.232,1
575.36,3
575.488,4
575.616,4
575.744,8
575.872,7
576,8
576.128,3
576.256,4
576.384,5
576.512,1
576.64,5
576.768,5
576.896,9
577.024,4
577.152,3
577.28,4
577.408,2
577.536,3
577.664,4
577.792,5
577.92,3
578.048,5
578.176,5
578.304,7
578.432,4
578.56,6
578.688,1
578.816,8
578.944,2
579.072,4
579.2,1
579.328,9
579.456,7
579.584,7
579.712,4
579.84,5
579.968,6
580.096,5
580.224,8
580.352,1
580.48,5
580.608,4
580.736,7
580.864,1
580.992,8
581.12,3
581.248,3
581.376,5
581.504,5
581.632,5
581.76,5
581.888,8
582.016,4
582.144,4
582.272,4
582.4,1
582.528,5
582.656,1
582.784,7
582.912,4
583.04,6
583.168,6
583.296,6
583.424,5
583.552,4
583.68,5
583.808,4
583.936,3
584.064,3
584.192,5
584.32,1
584.448,3
584.576,4
584.704,4
584.832,2
584.96,3
585.088,4
585.216,6
585.344,4
585.472,5
585.6,2
585.728,5
585.856,3
585.984,9
586.112,5
586.24,3
586.368,6
586.496,4
586.624,5
586.752,2
586.88,5
587.008,4
587.136,3
587.264,6
587.392,1
587.52,3
587.648,4
587.776,7
587.904,4
588.032,7
588.16,4
588.288,8
588.416,6
588.544,8
588.672,8
588.8,7
588.928,7
589.056,5
589.184,6
589.312,6
589.44,2
589.568,5
589.696,4
589.824,5
589.952,3
590.08,5
590.208,4
590.336,6
590.464,1
590.592,7
590.72,6
590.848,3
590.976,7
591.104,5
591.232,8
591.36,5
591.488,2
591.616,6
591.744,6
591.872,2
592,4
592.128,5
592.256,4
592.384,5
592.512,3
592.64,6
592.768,5
592.896,6
593.024,8
593.152,4
593.28,6
593.408,5
593.536,4
593.664,5
593.792,5
593.92,6
594.048,4
594.176,4
594.304,2
594.432,4
594.56,3
594.688,3
594.816,4
594.944,2
595.072,7
595.2,7
595.328,6
595.456,5
595.584,9
595.712,1
595.84,5
595.968,3
596.096,6
596.224,4
596.352,6
596.48,1
596.608,9
596.736,4
596.864,3
596.992,5
597.12,3
597.248,5
597.376,3
597.504,5
597.632,1
597.76,4
597.888,4
598.016,2
598.144,3
598.272,5
598.4,3
598.528,3
598.656,3
598.784,6
598.912,2
599.04,5
599.168,3
599.296,2
599.424,11
599.552,9
599.68,8
599.808,4
599.936,5
600.064,3
600.192,5
600.32,3
600.448,5
600.576,1
600.704,2
600.832,1
600.96,5
601.088,7
601.216,2
601.344,4
601.472,8
601.6,5
601.728,2
601.856,2
601.984,6
602.112,5
602.24,5
602.368,5
602.496,3
602.624,4
602.752,6
602.88,4
603.008,3
603.136,5
603.264,5
603.392,4
603.52,3
603.648,7
603.776,7
603.904,5
604.032,4
604.16,2
604.288,1
604.416,10
604.544,5
604.672,1
604.8,1
604.928,8
605.056,4
605.184,5
605.312,2
605.44,3
605.568,4
605.696,4
605.824,3
605.952,1
606.08,5
606.208,2
606.336,2
606.464,4
606.592,4
606.72,2
606.848,3
606.976,4
607.104,1
607.232,4
607.36,2
607.488,1
607.616,9
607.744,6
607.872,5
608,6
608.128,6
608.256,2
608.384,4
608.512,5
608.64,3
608.768,4
608.896,3
609.024,9
609.152,7
609.28,7
609.408,5
609.536,7
609.664,7
609.792,3
609.92,5
610.048,9
610.176,3
610.304,5
610.432,4
610.56,6
610.688,3
610.816,2
610.944,5
611.072,5
611.2,3
611.328,6
611.456,4
611.584,3
611.712,5
611.84,3
611.968,9
612.096,6
612.224,5
612.352,6
612.48,5
612.608,11
612.736,5
612.864,8
612.992,5
613.12,3
613.248,3
613.376,5
613.504,8
613.632,5
613.76,4
613.888,1
614.016,6
614.144,5
614.272,2
614.4,7
614.528,3
614.656,4
614.784,5
614.912,3
615.04,8
615.168,9
615.296,5
615.424,3
615.552,2
615.68,2
615.808,7
615.936,4
616.064,3
616.192,1
616.32,9
616.448,6
616.576,4
616.704,3
616.832,3
616.96,8
617.088,6
617.216,3
617.344,5
617.472,5
617.6,5
617.728,4
617.856,2
617.984,2
618.112,0
618.24,3
618.368,10
618.496,3
618.624,5
618.752,7
618.88,3
619.008,1
619.136,5
619.264,4
619.392,3
619.52,5
619.648,2
619.776,9
619.904,5
620.032,2
620.16,5
620.288,7
620.416,3
620.544,3
620.672,7
620.8,2
620.928,4
621.056,2
621.184,2
621.312,7
621.44,3
621.568,0
621.696,4
621.824,7
621.952,5
622.08,4
622.208,5
622.336,2
622.464,4
622.592,2
622.72,2
622.848,2
622.976,3
623.104,5
623.232,1
623.36,2
623.488,2
623.616,1
623.744,4
623.872,1
624,6
624.128,4
624.256,4
624.384,4
624.512,2
624.64,1
624.768,2
624.896,4
625.024,4
625.152,6
625.28,7
625.408,9
625.536,3
625.664,5
625.792,6
625.92,5
626.048,5
626.176,7
626.304,4
626.432,13
626.56,3
626.688,4
626.816,5
626.944,3
627.072,1
627.2,2
627.328,10
627.456,5
627.584,6
627.712,6
627.84,3
627.968,4
628.096,5
628.224,4
628.352,1
628.48,4
628.608,5
628.736,1
628.864,2
628.992,2
629.12,3
629.248,2
629.376,3
629.504,5
629.632,5
629.76,2
629.888,3
630.016,4
630.144,0
630.272,6
630.4,8
630.528,3
630.656,8
630.784,8
630.912,5
631.04,4
631.168,3
631.296,6
631.424,7
631.552,4
631.68,4
631.808,6
631.936,5
632.064,1
632.192,5
632.32,3
632.448,6
632.576,2
632.704,2
632.832,2
632.96,3
633.088,4
633.216,1
633.344,7
633.472,4
633.6,5
633.728,3
633.856,4
633.984,6
634.112,2
634.24,4
634.368,1
634.496,5
634.624,2
634.752,6
634.88,5
635.008,2
635.136,6
635.264,3
635.392,6
635.52,4
635.648,10
635.776,2
635.904,2
636.032,6
636.16,4
636.288,4
636.416,6
636.544,4
636.672,9
636.8,4
636.928,5
637.056,1
637.184,7
637.312,4
637.44,4
637.568,6
637.696,3
637.824,2
637.952,3
638.08,2
638.208,6
638.336,3
638.464,3
638.592,2
638.72,5
638.848,3
638.976,9
639.104,8
639.232,12
639.36,5
639.488,5
639.616,9
639.744,5
639.872,5
640,8
640.128,5
640.256,7
640.384,1
640.512,4
640.64,5
640.768,7
640.896,0
641.024,2
641.152,5
641.28,5
641.408,6
641.536,3
641.664,3
641.792,5
641.92,5
642.048,5
642.176,6
642.304,1
642.432,7
642.56,3
642.688,3
642.816,2
642.944,6
643.072,3
643.2,1
643.328,5
643.456,4
643.584,3
643.712,3
643.84,5
643.968,5
644.096,4
644.224,1
644.352,5
644.48,3
644.608,4
644.736,4
644.864,7
644.992,3
645.12,3
645.248,3
645.376,6
645.504,2
645.632,3
645.76,5
645.888,4
646.016,7
646.144,4
646.272,6
646.4,5
646.528,4
646.656,5
646.784,4
646.912,5
647.04,3
647.168,3
647.296,5
647.424,5
647.552,3
647.68,3
647.808,3
647.936,2
648.064,4
648.192,5
648.32,2
648.448,3
648.576,4
648.704,2
648.832,5
648.96,6
649.088,4
649.216,8
649.344,5
649.472,5
649.6,10
649.728,3
649.856,3
649.984,8
650.112,5
650.24,4
650.368,2
650.496,3
650.624,3
650.752,1
650.88,6
651.008,6
651.136,6
651.264,3
651.392,3
651.52,3
651.648,1
651.776,3
651.904,7
652.032,5
652.16,4
652.288,5
652.416,1
652.544,5
652.672,7
652.8,1
652.928,2
653.056,7
653.184,2
653.312,6
653.44,9
653.568,3
653.696,3
653.824,4
653.952,3
654.08,6
654.208,6
654.336,7
654.464,2
654.592,2
654.72,3
654.848,3
654.976,6
655.104,4
655.232,4
655.36,2
655.488,7
655.616,7
655.744,2
655.872,3
656,1
656.128,6
656.256,0
656.384,4
656.512,6
656.64,2
656.768,2
656.896,3
657.024,2
657.152,2
657.28,5
657.408,4
657.536,3
657.664,4
657.792,5
657.92,9
658.048,3
658.176,4
658.304,3
658.432,3
658.56,2
658.688,7
658.816,7
658.944,3
659.072,3
659.2,4
659.328,3
659.456,1
659.584,5
659.712,1
659.84,9
659.968,4
660.096,3
660.224,6
660.352,7
660.48,5
660.608,3
660.736,2
660.864,3
660.992,5
661.12,2
661.248,2
661.376,8
661.504,4
661.632,2
661.76,1
661.888,2
662.016,4
662.144,3
662.272,9
662.4,1
662.528,9
662.656,5
662.784,1
662.912,1
663.04,4
663.168,2
663.296,4
663.424,3
663.552,1
663.68,2
663.808,7
663.936,4
664.064,2
664.192,2
664.32,6
664.448,2
664.576,6
664.704,5
664.832,5
664.96,2
665.088,5
665.216,3
665.344,3
665.472,4
665.6,2
665.728,3
665.856,4
665.984,4
666.112,4
666.24,1
666.368,5
666.496,1
666.624,3
666.752,4
666.88,3
667.008,3
667.136,3
667.264,4
667.392,6
667.52,3
667.648,6
667.776,7
667.904,5
668.032,3
668.16,1
668.288,3
668.416,4
668.544,4
668.672,5
668.8,4
668.928,3
669.056,3
669.184,3
669.312,4
669.44,4
669.568,4
669.696,3
669.824,2
669.952,6
670.08,2
670.208,3
670.336,3
670.464,3
670.592,6
670.72,5
670.848,5
670.976,0
671.104,3
671.232,5
671.36,3
671.488,4
671.616,4
671.744,8
671.872,2
672,6
672.128,5
672.256,1
672.384,6
672.512,4
672.64,7
672.768,1
672.896,6
673.024,2
673.152,6
673.28,3
673.408,4
673.536,3
673.664,6
673.792,3
673.92,6
674.048,5
674.176,2
674.304,2
674.432,2
674.56,3
674.688,4
674.816,2
674.944,6
675.072,5
675.2,5
675.328,5
675.456,5
675.584,3
675.712,1
675.84,8
675.968,2
676.096,8
676.224,4
676.352,3
676.48,5
676.608,3
676.736,3
676.864,2
676.992,3
677.12,2
677.248,8
677.376,5
677.504,3
677.632,1
677.76,5
677.888,5
678.016,5
678.144,4
678.272,3
678.4,2
678.528,6
678.656,1
678.784,6
678.912,2
679.04,3
679.168,2
679.296,5
679.424,2
679.552,2
679.68,2
679.808,1
679.936,6
680.064,2
680.192,4
680.32,1
680.448,3
680.576,4
680.704,0
680.832,3
680.96,5
681.088,4
681.216,6
681.344,0
681.472,3
681.6,1
681.728,2
681.856,5
681.984,1
682.112,6
682.24,3
682.368,3
682.496,2
682.624,2
682.752,5
682.88,4
683.008,2
683.136,4
683.264,5
683.392,5
683.52,6
683.648,5
683.776,3
683.904,2
684.032,4
684.16,4
684.288,3
684.416,4
684.544,3
684.672,5
684.8,3
684.928,6
685.056,4
685.184,3
685.312,1
685.44,6
685.568,3
685.696,6
685.824,7
685.952,3
686.08,2
686.208,4
686.336,4
686.464,3
686.592,4
686.72,5
686.848,3
686.976,2
687.104,3
687.232,3
687.36,6
687.488,2
687.616,7
687.744,0
687.872,4
688,4
688.128,3
688.256,3
688.384,6
688.512,6
688.64,5
688.768,7
688.896,2
689.024,3
689.152,5
689.28,5
689.408,3
689.536,2
689.664,5
689.792,2
689.92,2
690.048,3
690.176,2
690.304,3
690.432,0
690.56,3
690.688,1
690.816,4
690.944,1
691.072,0
691.2,2
691.328,6
691.456,2
691.584,4
691.712,4
691.84,1
691.968,3
692.096,4
692.224,12
692.352,2
692.48,4
692.608,2
692.736,5
692.864,5
692.992,7
693.12,7
693.248,1
693.376,3
693.504,1
693.632,2
693.76,3
693.888,3
694.016,3
694.144,7
694.272,5
694.4,4
694.528,2
694.656,4
694.784,3
694.912,7
695.04,2
695.168,5
695.296,2
695.424,8
695.552,3
695.68,5
695.808,0
695.936,4
696.064,4
696.192,4
696.32,3
696.448,1
696.576,6
696.704,4
696.832,2
696.96,4
697.088,2
697.216,4
697.344,4
697.472,3
697.6,5
697.728,3
697.856,4
697.984,2
698.112,4
698.24,2
698.368,1
698.496,4
698.624,1
698.752,7
698.88,2
699.008,9
699.136,5
699.264,5
699.392,0
699.52,3
699.648,0
699.776,2
699.904,5
700.032,2
700.16,0
700.288,2
700.416,3
700.544,8
700.672,2
700.8,2
700.928,1
701.056,3
701.184,3
701.312,4
701.44,5
701.568,8
701.696,5
701.824,7
701.952,3
702.08,1
702.208,5
702.336,1
702.464,1
702.592,5
702.72,4
702.848,7
702.976,4
703.104,3
703.232,3
703.36,6
703.488,4
703.616,2
703.744,5
703.872,2
704,6
704.128,4
704.256,7
704.384,3
704.512,2
704.64,3
704.768,3
704.896,5
705.024,3
705.152,3
705.28,2
705.408,3
705.536,7
705.664,3
705.792,6
705.92,5
706.048,4
706.176,1
706.304,3
706.432,4
706.56,5
706.688,3
706.816,4
706.944,4
707.072,3
707.2,1
707.328,3
707.456,3
707.584,2
707.712,1
707.84,4
707.968,5
708.096,4
708.224,3
708.352,3
708.48,4
708.608,3
708.736,7
708.864,6
708.992,2
709.12,1
709.248,3
709.376,4
709.504,5
709.632,2
709.76,4
709.888,6
710.016,2
710.144,5
710.272,4
710.4,2
710.528,3
710.656,2
710.784,5
710.912,2
711.04,7
711.168,6
711.296,3
711.424,6
711.552,0
711.68,4
711.808,5
711.936,3
712.064,2
712.192,3
712.32,2
712.448,2
712.576,2
712.704,2
712.832,2
712.96,1
713.088,0
713.216,2
713.344,7
713.472,6
713.6,3
713.728,5
713.856,2
713.984,2
714.112,5
714.24,3
714.368,3
714.496,6
714.624,1
714.752,3
714.88,2
715.008,5
715.136,4
715.264,8
715.392,4
715.52,2
715.648,1
715.776,1
715.904,5
716.032,5
716.16,1
716.288,4
716.416,0
716.544,3
716.672,4
716.8,4
716.928,5
717.056,3
717.184,1
717.312,1
717.44,1
717.568,7
717.696,3
717.824,4
717.952,1
718.08,2
718.208,3
718.336,6
718.464,3
718.592,3
718.72,2
718.848,1
718.976,3
719.104,1
719.232,5
719.36,1
719.488,4
719.616,2
719.744,2
719.872,1
720,2
720.128,4
720.256,6
720.384,2
720.512,7
720.64,5
720.768,6
720.896,6
721.024,7
721.152,3
721.28,1
721.408,4
721.536,0
721.664,7
721.792,4
721.92,2
722.048,4
722.176,3
722.304,3
722.432,2
722.56,4
722.688,6
722.816,5
722.944,1
723.072,3
723.2,3
723.328,7
723.456,5
723.584,7
723.712,0
723.84,4
723.968,3
724.096,1
724.224,1
724.352,4
724.48,4
724.608,1
724.736,2
724.864,7
724.992,4
725.12,4
725.248,2
725.376,5
725.504,8
725.632,4
725.76,0
725.888,6
726.016,0
726.144,5
726.272,0
726.4,2
726.528,5
726.656,2
726.784,2
726.912,2
727.04,5
727.168,1
727.296,7
727.424,3
727.552,2
727.68,2
727.808,2
727.936,6
728.064,5
728.192,2
728.32,3
728.448,3
728.576,1
728.704,2
728.832,2
728.96,4
729.088,4
729.216,4
729.344,3
729.472,3
729.6,2
729.728,2
729.856,1
729.984,4
730.112,2
730.24,4
730.368,3
730.496,1
730.624,2
730.752,4
730.88,5
731.008,4
731.136,1
731.264,7
731.392,2
731.52,3
731.648,2
731.776,5
731.904,4
732.032,4
732.16,3
732.288,2
732.416,2
732.544,7
732.672,1
732.8,5
732.928,2
733.056,2
733.184,3
733.312,3
733.44,7
733.568,3
733.696,4
733.824,4
733.952,1
734.08,4
734.208,5
734.336,4
734.464,0
734.592,2
734.72,3
734.848,3
734.976,6
735.104,2
735.232,3
735.36,4
735.488,2
735.616,6
735.744,0
735.872,2
736,5
736.128,1
736.256,2
736.384,1
736.512,6
736.64,6
736.768,1
736.896,4
737.024,4
737.152,3
737.28,1
737.408,1
737.536,4
737.664,3
737.792,3
737.92,6
738.048,3
738.176,3
738.304,3
738.432,1
738.56,1
738.688,6
738.816,1
738.944,5
739.072,1
739.2,2
739.328,2
739.456,4
739.584,2
739.712,3
739.84,3
739.968,3
740.096,3
740.224,5
740.352,4
740.48,4
740.608,2
740.736,2
740.864,1
740.992,1
741.12,4
741.248,8
741.376,2
741.504,4
741.632,11
741.76,3
741.888,2
742.016,0
742.144,2
742.272,3
742.4,3
742.528,6
742.656,3
742.784,2
742.912,2
743.04,3
743.168,1
743.296,3
743.424,4
743.552,3
743.68,4
743.808,3
743.936,5
744.064,3
744.192,3
744.32,3
744.448,5
744.576,5
744.704,1
744.832,2
744.96,2
745.088,2
745.216,1
745.344,3
745.472,3
745.6,3
745.728,1
745.856,2
745.984,3
746.112,1
746.24,3
746.368,5
746.496,2
746.624,4
746.752,6
746.88,4
747.008,6
747.136,3
747.264,2
747.392,5
747.52,5
747.648,3
747.776,3
747.904,3
748.032,6
748.16,2
748.288,2
748.416,0
748.544,4
748.672,5
748.8,2
748.928,3
749.056,3
749.184,5
749.312,3
749.44,3
749.568,1
749.696,3
749.824,1
749.952,2
750.08,3
750.208,3
750.336,2
750.464,1
750.592,5
750.72,5
750.848,1
750.976,6
751.104,4
751.232,4
751.36,4
751.488,5
751.616,1
751.744,6
751.872,1
752,2
752.128,3
752.256,5
752.384,0
752.512,1
752.64,3
752.768,3
752.896,2
753.024,5
753.152,3
753.28,3
753.408,4
753.536,6
753.664,5
753.792,5
753.92,4
754.048,5
754.176,4
754.304,1
754.432,3
754.56,2
754.688,4
754.816,2
754.944,4
755.072,6
755.2,1
755.328,2
755.456,0
755.584,3
755.712,1
755.84,1
755.968,6
756.096,3
756.224,0
756.352,3
756.48,2
756.608,2
756.736,1
756.864,3
756.992,2
757.12,1
757.248,4
757.376,3
757.504,6
757.632,2
757.76,2
757.888,5
758.016,6
758.144,3
758.272,5
758.4,2
758.528,5
758.656,2
758.784,4
758.912,3
759.04,3
759.168,1
759.296,4
759.424,3
759.552,5
759.68,6
759.808,1
759.936,5
760.064,3
760.192,2
760.32,3
760.448,6
760.576,2
760.704,2
760.832,3
760.96,1
761.088,3
761.216,1
761.344,3
761.472,3
761.6,1
761.728,1
761.856,3
761.984,3
762.112,2
762.24,2
762.368,4
762.496,5
762.624,4
762.752,5
762.88,3
763.008,0
763.136,3
763.264,4
763.392,2
763.52,4
763.648,6
763.776,2
763.904,3
764.032,1
764.16,1
764.288,2
764.416,2
764.544,2
764.672,4
764.8,5
764.928,2
765.056,2
765.184,2
765.312,2
765.44,1
765.568,4
765.696,3
765.824,5
765.952,4
766.08,3
766.208,4
766.336,5
766.464,3
766.592,6
766.72,1
766.848,7
766.976,7
767.104,2
767.232,7
767.36,2
767.488,3
767.616,3
767.744,6
767.872,3
768,3
768.128,3
768.256,1
768.384,5
768.512,3
768.64,3
768.768,4
768.896,1
769.024,2
769.152,1
769.28,5
769.408,0
769.536,1
769.664,2
769.792,5
769.92,1
770.048,2
770.176,1
770.304,3
770.432,2
770.56,2
770.688,2
770.816,2
770.944,2
771.072,4
771.2,2
771.328,3
771.456,2
771.584,3
771.712,2
771.84,0
771.968,3
772.096,5
772.224,5
772.352,2
772.48,3
772.608,3
772.736,7
772.864,1
772.992,2
773.12,3
773.248,3
773.376,2
773.504,3
773.632,2
773.76,4
773.888,1
774.016,2
774.144,4
774.272,3
774.4,3
774.528,1
774.656,1
774.784,6
774.912,4
775.04,2
775.168,4
775.296,4
775.424,2
775.552,2
775.68,4
775.808,2
775.936,2
776.064,6
776.192,2
776.32,3
776.448,4
776.576,3
776.704,3
776.832,1
776.96,2
777.088,0
777.216,2
777.344,2
777.472,2
777.6,2
777.728,1
777.856,1
777.984,1
778.112,7
778.24,2
778.368,5
778.496,3
778.624,6
778.752,3
778.88,4
779.008,4
779.136,3
779.264,1
779.392,5
779.52,3
779.648,2
779.776,4
779.904,2
780.032,1
780.16,3
780.288,2
780.416,4
780.544,6
780.672,1
780.8,4
780.928,2
781.056,1
781.184,1
781.312,3
781.44,3
781.568,3
781.696,5
781.824,2
781.952,4
782.08,4
782.208,3
782.336,1
782.464,6
782.592,3
782.72,1
782.848,1
782.976,2
783.104,6
783.232,4
783.36,3
783.488,0
783.616,2
783.744,6
783.872,3
784,1
784.128,5
784.256,3
784.384,6
784.512,1
784.64,1
784.768,5
784.896,3
785.024,3
785.152,6
785.28,3
785.408,4
785.536,6
785.664,8
785.792,0
785.92,5
786.048,1
786.176,2
786.304,3
786.432,2
786.56,2
786.688,1
786.816,0
786.944,2
787.072,3
787.2,1
787.328,2
787.456,2
787.584,3
787.712,3
787.84,2
787.968,2
788.096,4
788.224,4
788.352,4
788.48,8
788.608,5
788.736,6
788.864,3
788.992,1
789.12,5
789.248,3
789.376,6
789.504,4
789.632,4
789.76,3
789.888,0
790.016,3
790.144,5
790.272,5
790.4,2
790.528,3
790.656,2
790.784,5
790.912,2
791.04,4
791.168,3
791.296,1
791.424,2
791.552,3
791.68,3
791.808,8
791.936,5
792.064,5
792.192,3
792.32,2
792.448,8
792.576,1
792.704,0
792.832,3
792.96,1
793.088,2
793.216,2
793.344,4
793.472,2
793.6,6
793.728,0
793.856,3
793.984,2
794.112,4
794.24,2
794.368,0
794.496,2
794.624,5
794.752,0
794.88,4
795.008,3
795.136,1
795.264,6
795.392,4
795.52,1
795.648,3
795.776,2
795.904,6
796.032,2
796.16,2
796.288,3
796.416,4
796.544,1
796.672,4
796.8,2
796.928,1
797.056,5
797.184,4
797.312,1
797.44,1
797.568,3
797.696,2
797.824,5
797.952,2
798.08,2
798.208,3
798.336,0
798.464,5
798.592,3
798.72,5
798.848,4
798.976,2
799.104,2
799.232,4
799.36,7
799.488,3
799.616,6
799.744,2
799.872,2
800,2
800.128,4
800.256,4
800.384,4
800.512,3
800.64,4
800.768,1
800.896,4
801.024,5
801.152,2
801.28,3
801.408,0
801.536,2
801.664,1
801.792,3
801.92,3
802.048,8
802.176,0
802.304,0
802.432,4
802.56,3
802.688,1
802.816,1
802.944,1
803.072,1
803.2,6
803.328,2
803.456,1
803.584,3
803.712,1
803.84,0
803.968,2
804.096,2
804.224,4
804.352,4
804.48,4
804.608,7
804.736,1
804.864,4
804.992,5
805.12,1
805.248,2
805.376,5
805.504,3
805.632,4
805.76,1
805.888,3
806.016,4
806.144,5
806.272,3
806.4,4
806.528,1
806.656,4
806.784,3
806.912,3
807.04,3
807.168,5
807.296,4
807.424,2
807.552,2
807.68,1
807.808,4
807.936,3
808.064,3
808.192,3
808.32,2
808.448,3
808.576,2
808.704,3
808.832,4
808.96,4
809.088,4
809.216,5
809.344,0
809.472,3
809.6,4
809.728,2
809.856,5
809.984,5
810.112,5
810.24,4
810.368,2
810.496,4
810.624,3
810.752,4
810.88,3
811.008,2
811.136,3
811.264,4
811.392,1
811.52,6
811.648,2
811.776,1
811.904,1
812.032,1
812.16,1
812.288,9
812.416,0
812.544,2
812.672,6
812.8,1
812.928,2
813.056,3
813.184,1
813.312,4
813.44,4
813.568,3
813.696,3
813.824,1
813.952,5
814.08,1
814.208,3
814.336,1
814.464,3
814.592,6
814.72,4
814.848,3
814.976,3
815.104,2
815.232,1
815.36,6
815.488,1
815.616,3
815.744,3
815.872,1
816,2
816.128,2
816.256,1
816.384,3
816.512,5
816.64,6
816.768,2
816.896,2
817.024,1
817.152,3
817.28,6
817.408,1
817.536,3
817.664,1
817.792,2
817.92,4
818.048,1
818.176,1
818.304,3
818.432,4
818.56,1
818.688,4
818.816,2
818.944,2
819.072,3
819.2,3
819.328,10
819.456,3
819.584,3
819.712,3
819.84,2
819.968,4
820.096,1
820.224,2
820.352,4
820.48,0
820.608,7
820.736,3
820.864,3
820.992,4
821.12,5
821.248,0
821.376,3
821.504,2
821.632,3
821.76,3
821.888,4
822.016,4
822.144,2
822.272,1
822.4,2
822.528,2
822.656,1
822.784,0
822.912,3
823.04,2
823.168,2
823.296,3
823.424,3
823.552,1
823.68,1
823.808,7
823.936,3
824.064,0
824.192,0
824.32,4
824.448,3
824.576,1
824.704,0
824.832,5
824.96,2
825.088,3
825.216,3
825.344,3
825.472,5
825.6,2
825.728,1
825.856,1
825.984,2
826.112,5
826.24,1
826.368,3
826.496,3
826.624,2
826.752,4
826.88,3
827.008,6
827.136,2
827.264,1
827.392,0
827.52,3
827.648,1
827.776,4
827.904,5
828.032,2
828.16,4
828.288,4
828.416,4
828.544,1
828.672,3
828.8,7
828.928,3
829.056,1
829.184,3
829.312,1
829.44,2
829.568,1
829.696,2
829.824,1
829.952,4
830.08,2
830.208,1
830.336,2
830.464,2
830.592,2
830.72,3
830.848,1
830.976,1
831.104,2
831.232,2
831.36,3
831.488,1
831.616,4
831.744,2
831.872,2
832,3
832.128,2
832.256,2
832.384,4
832.512,4
832.64,2
832.768,2
832.896,2
833.024,2
833.152,6
833.28,2
833.408,1
833.536,3
833.664,1
833.792,1
833.92,3
834.048,2
834.176,2
834.304,2
834.432,1
834.56,2
834.688,0
834.816,0
834.944,5
835.072,2
835.2,4
835.328,3
835.456,2
835.584,2
835.712,3
835.84,1
835.968,1
836.096,2
836.224,5
836.352,2
836.48,2
836.608,1
836.736,2
836.864,5
836.992,3
837.12,3
837.248,4
837.376,3
837.504,2
837.632,4
837.76,4
837.888,2
838.016,0
838.144,3
838.272,6
838.4,2
838.528,4
838.656,1
838.784,1
838.912,6
839.04,2
839.168,2
839.296,2
839.424,0
839.552,3
839.68,3
839.808,4
839.936,1
840.064,2
840.192,3
840.32,2
840.448,2
840.576,7
840.704,0
840.832,1
840.96,5
841.088,3
841.216,4
841.344,3
841.472,5
841.6,2
841.728,7
841.856,2
841.984,5
842.112,2
842.24,0
842.368,4
842.496,3
842.624,2
842.752,4
842.88,4
843.008,3
843.136,2
843.264,7
843.392,3
843.52,4
843.648,2
843.776,4
843.904,5
844.032,3
844.16,3
844.288,2
844.416,6
844.544,2
844.672,3
844.8,2
844.928,1
845.056,3
845.184,2
845.312,5
845.44,3
845.568,3
845.696,2
845.824,2
845.952,3
846.08,3
846.208,0
846.336,5
846.464,1
846.592,2
846.72,1
846.848,1
846.976,3
847.104,0
847.232,0
847.36,4
847.488,2
847.616,2
847.744,3
847.872,3
848,0
848.128,4
848.256,6
848.384,3
848.512,6
848.64,5
848.768,1
848.896,2
849.024,2
849.152,3
849.28,2
849.408,1
849.536,1
849.664,4
849.792,3
849.92,2
850.048,2
850.176,2
850.304,2
850.432,3
850.56,2
850.688,5
850.816,2
850.944,2
851.072,2
851.2,2
851.328,3
851.456,2
851.584,2
851.712,2
851.84,4
851.968,0
852.096,1
852.224,3
852.352,2
852.48,0
852.608,4
852.736,0
852.864,3
852.992,5
853.12,2
853.248,1
853.376,3
853.504,4
853.632,2
853.76,1
853.888,5
854.016,4
854.144,7
854.272,5
854.4,5
854.528,5
854.656,1
854.784,1
854.912,3
855.04,1
855.168,5
855.296,3
855.424,5
855.552,5
855.68,2
855.808,2
855.936,0
856.064,6
856.192,4
856.32,3
856.448,4
856.576,4
856.704,3
856.832,1
856.96,4
857.088,2
857.216,4
857.344,4
857.472,4
857.6,2
857.728,3
857.856,3
857.984,0
858.112,4
858.24,1
858.368,1
858.496,2
858.624,3
858.752,2
858.88,7
859.008,1
859.136,2
859.264,2
859.392,1
859.52,0
859.648,2
859.776,5
859.904,2
860.032,3
860.16,5
860.288,0
860.416,4
860.544,2
860.672,4
860.8,2
860.928,3
861.056,2
861.184,4
861.312,4
861.44,3
861.568,2
861.696,2
861.824,1
861.952,3
862.08,2
862.208,3
862.336,3
862.464,4
862.592,4
862.72,3
862.848,6
862.976,1
863.104,3
863.232,2
863.36,3
863.488,4
863.616,1
863.744,5
863.872,5
864,2
864.128,3
864.256,2
864.384,1
864.512,5
864.64,1
864.768,2
864.896,0
865.024,2
865.152,4
865.28,2
865.408,2
865.536,5
865.664,1
865.792,6
865.92,4
866.048,3
866.176,4
866.304,2
866.432,2
866.56,3
866.688,2
866.816,1
866.944,1
867.072,6
867.2,4
867.328,6
867.456,5
867.584,0
867.712,3
867.84,5
867.968,4
868.096,2
868.224,4
868.352,4
868.48,3
868.608,3
868.736,2
868.864,2
868.992,3
869.12,3
869.248,2
869.376,2
869.504,2
869.632,2
869.76,4
869.888,2
870.016,4
870.144,3
870.272,3
870.4,2
870.528,4
870.656,3
870.784,1
870.912,3
871.04,2
871.168,3
871.296,3
871.424,2
871.552,4
871.68,3
871.808,3
871.936,4
872.064,2
872.192,0
872.32,2
872.448,2
872.576,7
872.704,5
872.832,7
872.96,1
873.088,2
873.216,5
873.344,2
873.472,1
873.6,1
873.728,1
873.856,3
873.984,2
874.112,1
874.24,2
874.368,1
874.496,2
874.624,1
874.752,0
874.88,1
875.008,1
875.136,2
875.264,1
875.392,8
875.52,1
875.648,4
875.776,6
875.904,5
876.032,3
876.16,0
876.288,2
876.416,3
876.544,3
876.672,4
876.8,1
876.928,0
877.056,3
877.184,4
877.312,2
877.44,3
877.568,0
877.696,2
877.824,1
877.952,0
878.08,1
878.208,6
878.336,2
878.464,2
878.592,1
878.72,3
878.848,5
878.976,0
879.104,4
879.232,0
879.36,2
879.488,5
879.616,2
879.744,0
879.872,2
880,6
880.128,4
880.256,2
880.384,4
880.512,1
880.64,2
880.768,1
880.896,1
881.024,3
881.152,4
881.28,4
881.408,2
881.536,7
881.664,6
881.792,4
881.92,0
882.048,3
882.176,4
882.304,3
882.432,5
882.56,1
882.688,1
882.816,4
882.944,3
883.072,2
883.2,1
883.328,2
883.456,4
883.584,2
883.712,2
883.84,4
883.968,6
884.096,3
884.224,1
884.352,4
884.48,3
884.608,3
884.736,4
884.864,4
884.992,2
885.12,3
885.248,3
885.376,9
885.504,4
885.632,4
885.76,3
885.888,2
886.016,2
886.144,3
886.272,2
886.4,3
886.528,2
886.656,2
886.784,3
886.912,4
887.04,2
887.168,0
887.296,4
887.424,6
887.552,1
887.68,2
887.808,3
887.936,2
888.064,1
888.192,1
888.32,5
888.448,3
888.576,1
888.704,6
888.832,2
888.96,1
889.088,4
889.216,4
889.344,2
889.472,1
889.6,1
889.728,4
889.856,3
889.984,4
890.112,0
890.24,1
890.368,5
890.496,1
890.624,7
890.752,2
890.88,0
891.008,4
891.136,1
891.264,2
891.392,1
891.52,3
891.648,1
891.776,3
891.904,6
892.032,2
892.16,2
892.288,1
892.416,2
892.544,1
892.672,2
892.8,5
892.928,3
893.056,1
893.184,5
893.312,0
893.44,1
893.568,2
893.696,2
893.824,2
893.952,3
894.08,2
894.208,3
894.336,2
894.464,3
894.592,2
894.72,3
894.848,3
894.976,1
895.104,1
895.232,6
895.36,0
895.488,3
895.616,5
895.744,3
895.872,1
896,7
896.128,2
896.256,2
896.384,2
896.512,4
896.64,2
896.768,2
896.896,1
897.024,0
897.152,2
897.28,2
897.408,4
897.536,2
897.664,5
897.792,0
897.92,4
898.048,2
898.176,5
898.304,2
898.432,1
898.56,2
898.688,2
898.816,4
898.944,5
899.072,0
899.2,2
899.328,3
899.456,3
899.584,1
899.712,2
899.84,2
899.968,3
900.096,2
900.224,4
900.352,1
900.48,5
900.608,3
900.736,0
900.864,5
900.992,6
901.12,3
901.248,0
901.376,0
901.504,3
901.632,3
901.76,6
901.888,5
902.016,1
902.144,1
902.272,5
902.4,1
902.528,3
902.656,1
902.784,3
902.912,3
903.04,1
903.168,3
903.296,2
903.424,5
903.552,3
903.68,3
903.808,1
903.936,3
904.064,2
904.192,2
904.32,3
904.448,3
904.576,0
904.704,0
904.832,4
904.96,2
905.088,2
905.216,2
905.344,3
905.472,1
905.6,0
905.728,3
905.856,2
905.984,0
906.112,4
906.24,1
906.368,2
906.496,3
906.624,5
906.752,5
906.88,2
907.008,2
907.136,2
907.264,1
907.392,3
907.52,0
907.648,1
907.776,1
907.904,2
908.032,3
908.16,2
908.288,1
908.416,3
908.544,3
908.672,2
908.8,2
908.928,2
909.056,3
909.184,2
909.312,2
909.44,3
909.568,2
909.696,3
909.824,1
909.952,2
910.08,3
910.208,4
910.336,3
910.464,4
910.592,3
910.72,4
910.848,2
910.976,2
911.104,0
911.232,3
911.36,2
911.488,1
911.616,3
911.744,2
911.872,6
912,3
912.128,4
912.256,2
912.384,3
912.512,2
912.64,5
912.768,0
912.896,0
913.024,6
913.152,2
913.28,5
913.408,2
913.536,4
913.664,3
913.792,5
913.92,1
914.048,3
914.176,2
914.304,1
914.432,3
914.56,5
914.688,3
914.816,3
914.944,2
915.072,2
915.2,1
915.328,3
915.456,1
915.584,2
915.712,2
915.84,1
915.968,0
916.096,1
916.224,2
916.352,6
916.48,0
916.608,2
916.736,4
916.864,3
916.992,3
917.12,4
917.248,2
917.376,2
917.504,1
917.632,1
917.76,4
917.888,2
918.016,4
918.144,2
918.272,3
918.4,1
918.528,2
918.656,3
918.784,2
918.912,3
919.04,6
919.168,4
919.296,1
919.424,4
919.552,3
919.68,2
919.808,2
919.936,1
920.064,4
920.192,5
920.32,2
920.448,0
920.576,4
920.704,3
920.832,2
920.96,3
921.088,4
921.216,1
921.344,2
921.472,1
921.6,0
921.728,2
921.856,2
921.984,1
922.112,0
922.24,1
922.368,6
922.496,3
922.624,3
922.752,3
922.88,3
923.008,6
923.136,3
923.264,3
923.392,3
923.52,4
923.648,3
923.776,0
923.904,4
924.032,3
924.16,5
924.288,1
924.416,4
924.544,4
924.672,1
924.8,1
924.928,3
925.056,5
925.184,3
925.312,2
925.44,2
925.568,2
925.696,1
925.824,4
925.952,4
926.08,2
926.208,2
926.336,0
926.464,5
926.592,2
926.72,0
926.848,2
926.976,3
927.104,4
927.232,1
927.36,1
927.488,4
927.616,3
927.744,2
927.872,2
928,2
928.128,5
928.256,2
928.384,2
928.512,1
928.64,4
928.768,5
928.896,3
929.024,2
929.152,1
929.28,5
929.408,8
929.536,1
929.664,1
929.792,2
929.92,4
930.048,2
930.176,1
930.304,2
930.432,2
930.56,2
930.688,1
930.816,1
930.944,5
931.072,1
931.2,4
931.328,2
931.456,4
931.584,3
931.712,4
931.84,0
931.968,3
932.096,4
932.224,1
932.352,0
932.48,2
932.608,3
932.736,2
932.864,1
932.992,2
933.12,6
933.248,2
933.376,3
933.504,2
933.632,3
933.76,2
933.888,1
934.016,6
934.144,3
934.272,3
934.4,3
934.528,2
934.656,3
934.784,2
934.912,3
935.04,1
935.168,0
935.296,1
935.424,2
935.552,3
935.68,2
935.808,4
935.936,2
936.064,4
936.192,2
936.32,2
936.448,6
936.576,2
936.704,2
936.832,5
936.96,2
937.088,1
937.216,3
937.344,3
937.472,1
937.6,1
937.728,3
937.856,1
937.984,5
938.112,3
938.24,3
938.368,2
938.496,2
938.624,2
938.752,4
938.88,5
939.008,3
939.136,7
939.264,4
939.392,4
939.52,5
939.648,2
939.776,4
939.904,2
940.032,3
940.16,4
940.288,2
940.416,3
940.544,1
940.672,4
940.8,3
940.928,4
941.056,2
941.184,3
941.312,2
941.44,5
941.568,2
941.696,3
941.824,2
941.952,2
942.08,4
942.208,2
942.336,2
942.464,0
942.592,2
942.72,3
942.848,1
942.976,3
943.104,1
943.232,5
943.36,1
943.488,5
943.616,0
943.744,3
943.872,2
944,6
944.128,1
944.256,3
944.384,2
944.512,4
944.64,3
944.768,2
944.896,4
945.024,5
945.152,1
945.28,2
945.408,2
945.536,2
945.664,3
945.792,1
945.92,3
946.048,2
946.176,1
946.304,5
946.432,4
946.56,6
946.688,2
946.816,2
946.944,3
947.072,2
947.2,1
947.328,4
947.456,1
947.584,3
947.712,2
947.84,7
947.968,1
948.096,2
948.224,1
948.352,1
948.48,2
948.608,1
948.736,2
948.864,2
948.992,1
949.12,2
949.248,3
949.376,3
949.504,1
949.632,2
949.76,1
949.888,6
950.016,2
950.144,3
950.272,2
950.4,2
950.528,3
950.656,2
950.784,3
950.912,5
951.04,4
951.168,2
951.296,3
951.424,3
951.552,2
951.68,5
951.808,0
951.936,2
952.064,1
952.192,3
952.32,4
952.448,3
952.576,4
952.704,1
952.832,2
952.96,3
953.088,1
953.216,1
953.344,1
953.472,0
953.6,3
953.728,2
953.856,2
953.984,1
954.112,2
954.24,1
954.368,3
954.496,2
954.624,5
954.752,2
954.88,3
955.008,1
955.136,4
955.264,3
955.392,4
955.52,3
955.648,0
955.776,2
955.904,4
956.032,0
956.16,3
956.288,3
956.416,3
956.544,4
956.672,4
956.8,4
956.928,1
957.056,0
957.184,1
957.312,2
957.44,3
957.568,4
957.696,2
957.824,3
957.952,3
958.08,4
958.208,2
958.336,2
958.464,3
958.592,2
958.72,2
958.848,3
958.976,2
959.104,4
959.232,4
959.36,2
959.488,1
959.616,4
959.744,3
959.872,2
960,3
960.128,0
960.256,3
960.384,2
960.512,0
960.64,1
960.768,6
960.896,5
961.024,1
961.152,1
961.28,3
961.408,2
961.536,2
961.664,2
961.792,2
961.92,1
962.048,2
962.176,2
962.304,3
962.432,4
962.56,3
962.688,1
962.816,3
962.944,4
963.072,2
963.2,3
963.328,3
963.456,2
963.584,1
963.712,2
963.84,1
963.968,5
964.096,1
964.224,0
964.352,0
964.48,2
964.608,3
964.736,2
964.864,5
964.992,4
965.12,1
965.248,1
965.376,3
965.504,4
965.632,3
965.76,3
965.888,2
966.016,7
966.144,5
966.272,1
966.4,3
966.528,2
966.656,2
966.784,2
966.912,1
967.04,5
967.168,3
967.296,1
967.424,2
967.552,3
967.68,5
967.808,4
967.936,3
968.064,6
968.192,2
968.32,1
968.448,3
968.576,2
968.704,1
968.832,3
968.96,7
969.088,2
969.216,1
969.344,1
969.472,3
969.6,3
969.728,2
969.856,2
969.984,4
970.112,5
970.24,4
970.368,3
970.496,1
970.624,4
970.752,3
970.88,3
971.008,2
971.136,1
971.264,0
971.392,3
971.52,3
971.648,0
971.776,4
971.904,2
972.032,4
972.16,4
972.288,3
972.416,4
972.544,2
972.672,1
972.8,1
972.928,2
973.056,2
973.184,1
973.312,7
973.44,2
973.568,1
973.696,1
973.824,4
973.952,3
974.08,5
974.208,2
974.336,1
974.464,1
974.592,1
974.72,2
974.848,0
974.976,1
975.104,3
975.232,6
975.36,5
975.488,3
975.616,0
975.744,3
975.872,1
976,3
976.128,1
976.256,0
976.384,3
976.512,3
976.64,0
976.768,0
976.896,2
977.024,2
977.152,1
977.28,4
977.408,5
977.536,5
977.664,3
977.792,3
977.92,4
978.048,2
978.176,2
978.304,2
978.432,2
978.56,2
978.688,3
978.816,4
978.944,3
979.072,0
979.2,2
979.328,3
979.456,2
979.584,4
979.712,2
979.84,2
979.968,3
980.096,1
980.224,2
980.352,1
980.48,1
980.608,5
980.736,1
980.864,2
980.992,1
981.12,3
981.248,1
981.376,3
981.504,1
981.632,4
981.76,3
981.888,3
982.016,4
982.144,2
982.272,2
982.4,3
982.528,5
982.656,2
982.784,3
982.912,1
983.04,4
983.168,0
983.296,2
983.424,5
983.552,5
983.68,2
983.808,0
983.936,4
984.064,3
984.192,6
984.32,1
984.448,4
984.576,3
984.704,2
984.832,2
984.96,1
985.088,3
985.216,4
985.344,5
985.472,5
985.6,3
985.728,4
985.856,1
985.984,2
986.112,1
986.24,0
986.368,4
986.496,2
986.624,3
986.752,4
986.88,2
987.008,5
987.136,3
987.264,0
987.392,6
987.52,1
987.648,4
987.776,3
987.904,1
988.032,2
988.16,2
988.288,1
988.416,1
988.544,3
988.672,3
988.8,2
988.928,3
989.056,2
989.184,4
989.312,2
989.44,0
989.568,4
989.696,2
989.824,2
989.952,2
990.08,2
990.208,3
990.336,2
990.464,3
990.592,1
990.72,3
990.848,2
990.976,1
991.104,1
991.232,3
991.36,1
991.488,1
991.616,4
991.744,3
991.872,2
992,1
992.128,2
992.256,2
992.384,0
992.512,2
992.64,3
992.768,2
992.896,1
993.024,1
993.152,3
993.28,3
993.408,3
993.536,1
993.664,0
993.792,2
993.92,1
994.048,3
994.176,3
994.304,1
994.432,1
994.56,0
994.688,1
994.816,2
994.944,6
995.072,3
995.2,3
995.328,1
995.456,2
995.584,0
995.712,4
995.84,1
995.968,2
996.096,5
996.224,3
996.352,5
996.48,3
996.608,0
996.736,1
996.864,0
996.992,6
997.12,3
997.248,1
997.376,1
997.504,0
997.632,0
997.76,0
997.888,0
998.016,0
998.144,0
998.272,0
998.4,0
998.528,0
998.656,0
998.784,0
998.912,0
999.04,0
999.168,0
999.296,0
999.424,0
999.552,0
999.68,0
999.808,0
999.936,0
